tx_id,account_id,timestamp,amount,tx_type,status
tx_1,acc_1,2025-05-17T15:08:37Z,296.1,WITHDRAWAL,SUCCESS
tx_10,acc_1,2025-03-28T05:55:24Z,143.6,WITHDRAWAL,FAILED
tx_100,acc_9,2025-05-22T04:14:38Z,415.35,WITHDRAWAL,SUCCESS
tx_1000,acc_95,2025-04-05T12:51:20Z,48.93,DEPOSIT,SUCCESS
tx_1001,acc_96,2025-05-27T02:02:46Z,243.79,P2P,SUCCESS
tx_1002,acc_96,2025-05-15T15:13:40Z,294.31,P2P,SUCCESS
tx_1003,acc_96,2025-04-25T10:13:07Z,45.31,DEPOSIT,SUCCESS
tx_1004,acc_96,2025-04-30T04:34:24Z,101.74,DEPOSIT,SUCCESS
tx_1005,acc_96,2025-05-01T20:15:38Z,146.63,DEPOSIT,SUCCESS
tx_1006,acc_96,2025-03-23T21:38:28Z,232.94,WITHDRAWAL,SUCCESS
tx_1007,acc_96,2025-04-12T15:42:05Z,185.36,P2P,FAILED
tx_1008,acc_96,2025-04-10T08:21:28Z,96.0,DEPOSIT,SUCCESS
tx_1009,acc_96,2025-04-12T14:02:45Z,286.39,P2P,SUCCESS
tx_101,acc_9,2025-05-14T08:14:33Z,98.8,DEPOSIT,SUCCESS
tx_1010,acc_96,2025-03-13T14:12:24Z,291.22,DEPOSIT,SUCCESS
tx_1011,acc_97,2025-05-26T08:40:37Z,52.72,DEPOSIT,SUCCESS
tx_1012,acc_97,2025-05-13T22:36:42Z,249.56,WITHDRAWAL,SUCCESS
tx_1013,acc_97,2025-05-03T19:40:43Z,71.36,P2P,SUCCESS
tx_1014,acc_97,2025-05-01T08:01:59Z,62.37,DEPOSIT,SUCCESS
tx_1015,acc_97,2025-05-05T17:34:36Z,117.84,DEPOSIT,SUCCESS
tx_1016,acc_97,2025-04-21T03:30:41Z,38.47,P2P,SUCCESS
tx_1017,acc_97,2025-03-21T12:12:01Z,93.15,P2P,SUCCESS
tx_1018,acc_97,2025-03-15T01:49:15Z,230.27,WITHDRAWAL,SUCCESS
tx_1019,acc_97,2025-03-15T04:39:02Z,183.58,DEPOSIT,SUCCESS
tx_102,acc_9,2025-05-15T17:23:08Z,281.82,P2P,FAILED
tx_1020,acc_97,2025-03-07T15:50:41Z,208.95,P2P,FAILED
tx_1021,acc_98,2025-05-26T18:53:07Z,193.11,DEPOSIT,SUCCESS
tx_1022,acc_98,2025-05-17T22:21:46Z,219.14,DEPOSIT,FAILED
tx_1023,acc_98,2025-05-06T18:51:24Z,264.77,P2P,SUCCESS
tx_1024,acc_98,2025-04-30T13:32:26Z,245.36,DEPOSIT,SUCCESS
tx_1025,acc_98,2025-05-11T18:03:44Z,53.78,P2P,SUCCESS
tx_1026,acc_98,2025-03-10T05:11:13Z,102.11,DEPOSIT,SUCCESS
tx_1027,acc_98,2025-03-11T00:36:00Z,178.7,DEPOSIT,SUCCESS
tx_1028,acc_98,2025-03-25T16:50:02Z,48.08,WITHDRAWAL,SUCCESS
tx_1029,acc_98,2025-03-16T08:29:01Z,263.01,DEPOSIT,SUCCESS
tx_103,acc_9,2025-04-27T21:24:37Z,47.79,WITHDRAWAL,SUCCESS
tx_1030,acc_98,2025-03-18T00:53:03Z,79.75,P2P,SUCCESS
tx_1031,acc_99,2025-05-26T08:11:23Z,100.01,WITHDRAWAL,SUCCESS
tx_1032,acc_99,2025-04-27T06:58:50Z,202.19,P2P,SUCCESS
tx_1033,acc_99,2025-05-06T05:30:54Z,248.61,DEPOSIT,SUCCESS
tx_1034,acc_99,2025-04-27T20:44:59Z,145.15,P2P,SUCCESS
tx_1035,acc_99,2025-05-07T22:10:17Z,185.73,P2P,SUCCESS
tx_1036,acc_99,2025-03-02T13:58:35Z,239.47,DEPOSIT,SUCCESS
tx_1037,acc_99,2025-04-20T04:46:49Z,259.36,WITHDRAWAL,FAILED
tx_1038,acc_99,2025-04-08T00:30:35Z,152.56,P2P,SUCCESS
tx_1039,acc_99,2025-04-22T06:15:45Z,285.45,DEPOSIT,SUCCESS
tx_104,acc_9,2025-04-30T10:17:52Z,243.75,WITHDRAWAL,SUCCESS
tx_1040,acc_99,2025-04-21T09:50:50Z,202.56,WITHDRAWAL,SUCCESS
tx_1041,acc_100,2025-05-28T19:15:45Z,205.76,WITHDRAWAL,SUCCESS
tx_1042,acc_100,2025-05-16T04:54:43Z,223.77,WITHDRAWAL,SUCCESS
tx_1043,acc_100,2025-04-28T08:08:21Z,21.03,DEPOSIT,SUCCESS
tx_1044,acc_100,2025-05-21T02:01:39Z,175.97,P2P,FAILED
tx_1045,acc_100,2025-05-16T18:32:49Z,191.77,WITHDRAWAL,SUCCESS
tx_1046,acc_100,2025-03-08T13:02:00Z,280.38,P2P,SUCCESS
tx_1047,acc_100,2025-04-14T05:29:30Z,282.33,DEPOSIT,SUCCESS
tx_1048,acc_100,2025-03-23T13:31:47Z,203.5,P2P,SUCCESS
tx_1049,acc_100,2025-04-20T01:46:51Z,226.17,WITHDRAWAL,SUCCESS
tx_105,acc_9,2025-04-17T04:15:38Z,115.18,P2P,FAILED
tx_1050,acc_100,2025-04-16T13:28:32Z,151.69,DEPOSIT,SUCCESS
tx_106,acc_9,2025-03-07T15:14:16Z,133.93,DEPOSIT,FAILED
tx_107,acc_9,2025-03-20T03:39:58Z,28.98,WITHDRAWAL,SUCCESS
tx_108,acc_9,2025-03-29T17:00:14Z,82.85,DEPOSIT,SUCCESS
tx_109,acc_10,2025-05-23T07:33:44Z,397.36,WITHDRAWAL,SUCCESS
tx_11,acc_1,2025-03-13T05:49:03Z,246.6,WITHDRAWAL,SUCCESS
tx_110,acc_10,2025-05-20T19:41:20Z,288.59,WITHDRAWAL,SUCCESS
tx_111,acc_10,2025-05-20T18:10:54Z,444.78,WITHDRAWAL,SUCCESS
tx_112,acc_10,2025-05-18T03:55:52Z,248.64,WITHDRAWAL,SUCCESS
tx_113,acc_10,2025-05-01T17:42:57Z,124.69,P2P,FAILED
tx_114,acc_10,2025-05-02T18:18:31Z,280.59,P2P,FAILED
tx_115,acc_10,2025-04-25T10:07:52Z,71.35,P2P,SUCCESS
tx_116,acc_10,2025-05-06T18:50:55Z,220.66,WITHDRAWAL,SUCCESS
tx_117,acc_10,2025-04-04T16:35:07Z,287.74,P2P,SUCCESS
tx_118,acc_10,2025-03-18T14:27:17Z,86.09,WITHDRAWAL,SUCCESS
tx_119,acc_10,2025-04-01T14:37:34Z,191.49,P2P,FAILED
tx_12,acc_1,2025-04-20T01:17:49Z,84.47,WITHDRAWAL,SUCCESS
tx_120,acc_10,2025-03-31T09:07:46Z,256.55,DEPOSIT,SUCCESS
tx_121,acc_11,2025-05-20T09:45:49Z,409.27,WITHDRAWAL,SUCCESS
tx_122,acc_11,2025-05-19T11:55:13Z,359.64,WITHDRAWAL,SUCCESS
tx_123,acc_11,2025-05-24T00:07:03Z,224.45,WITHDRAWAL,SUCCESS
tx_124,acc_11,2025-05-22T20:28:52Z,323.13,WITHDRAWAL,SUCCESS
tx_125,acc_11,2025-05-11T00:29:13Z,94.32,DEPOSIT,SUCCESS
tx_126,acc_11,2025-05-11T04:23:39Z,211.2,P2P,FAILED
tx_127,acc_11,2025-05-06T15:22:25Z,217.4,WITHDRAWAL,SUCCESS
tx_128,acc_11,2025-04-26T12:43:51Z,106.66,WITHDRAWAL,SUCCESS
tx_129,acc_11,2025-04-23T13:46:28Z,230.07,DEPOSIT,SUCCESS
tx_13,acc_2,2025-05-21T09:42:10Z,214.81,WITHDRAWAL,SUCCESS
tx_130,acc_11,2025-04-23T07:05:44Z,114.04,WITHDRAWAL,SUCCESS
tx_131,acc_11,2025-04-03T09:13:16Z,277.41,WITHDRAWAL,SUCCESS
tx_132,acc_11,2025-03-16T13:58:48Z,222.15,WITHDRAWAL,SUCCESS
tx_133,acc_12,2025-05-18T10:16:25Z,192.3,WITHDRAWAL,SUCCESS
tx_134,acc_12,2025-05-19T04:05:17Z,184.9,WITHDRAWAL,SUCCESS
tx_135,acc_12,2025-05-23T11:18:26Z,515.7,WITHDRAWAL,SUCCESS
tx_136,acc_12,2025-05-18T09:40:06Z,493.54,P2P,SUCCESS
tx_137,acc_12,2025-05-01T09:59:26Z,95.89,P2P,FAILED
tx_138,acc_12,2025-05-17T10:06:42Z,243.88,P2P,SUCCESS
tx_139,acc_12,2025-04-30T15:04:17Z,234.87,WITHDRAWAL,SUCCESS
tx_14,acc_2,2025-05-21T11:49:37Z,237.47,WITHDRAWAL,SUCCESS
tx_140,acc_12,2025-05-15T15:02:08Z,38.18,WITHDRAWAL,SUCCESS
tx_141,acc_12,2025-04-15T14:13:25Z,287.48,WITHDRAWAL,SUCCESS
tx_142,acc_12,2025-03-27T23:27:59Z,176.23,P2P,FAILED
tx_143,acc_12,2025-03-23T22:45:27Z,223.05,WITHDRAWAL,SUCCESS
tx_144,acc_12,2025-03-15T07:01:45Z,114.05,P2P,FAILED
tx_145,acc_13,2025-05-24T07:35:50Z,214.75,WITHDRAWAL,SUCCESS
tx_146,acc_13,2025-05-24T02:41:08Z,262.86,WITHDRAWAL,SUCCESS
tx_147,acc_13,2025-05-18T14:29:51Z,201.37,WITHDRAWAL,SUCCESS
tx_148,acc_13,2025-05-19T00:14:59Z,211.94,WITHDRAWAL,SUCCESS
tx_149,acc_13,2025-05-10T02:29:55Z,111.4,WITHDRAWAL,SUCCESS
tx_15,acc_2,2025-05-17T17:13:20Z,340.92,WITHDRAWAL,SUCCESS
tx_150,acc_13,2025-04-28T05:47:41Z,236.99,WITHDRAWAL,SUCCESS
tx_151,acc_13,2025-05-14T18:13:56Z,83.16,WITHDRAWAL,SUCCESS
tx_152,acc_13,2025-05-04T22:39:57Z,151.83,DEPOSIT,SUCCESS
tx_153,acc_13,2025-03-17T20:10:27Z,49.11,P2P,FAILED
tx_154,acc_13,2025-03-19T18:06:30Z,106.72,WITHDRAWAL,SUCCESS
tx_155,acc_13,2025-03-24T22:05:15Z,191.24,DEPOSIT,SUCCESS
tx_156,acc_13,2025-03-05T12:32:09Z,292.44,P2P,SUCCESS
tx_157,acc_14,2025-05-23T09:39:35Z,482.45,WITHDRAWAL,FAILED
tx_158,acc_14,2025-05-22T16:10:22Z,303.71,WITHDRAWAL,SUCCESS
tx_159,acc_14,2025-05-21T08:45:39Z,406.17,P2P,FAILED
tx_16,acc_2,2025-05-17T16:51:33Z,337.44,WITHDRAWAL,SUCCESS
tx_160,acc_14,2025-05-21T07:10:08Z,352.34,WITHDRAWAL,SUCCESS
tx_161,acc_14,2025-05-15T17:32:41Z,292.6,P2P,SUCCESS
tx_162,acc_14,2025-04-28T08:04:29Z,210.28,WITHDRAWAL,SUCCESS
tx_163,acc_14,2025-05-10T00:06:32Z,186.3,P2P,FAILED
tx_164,acc_14,2025-05-01T11:24:04Z,298.11,WITHDRAWAL,SUCCESS
tx_165,acc_14,2025-03-27T14:59:47Z,215.95,P2P,FAILED
tx_166,acc_14,2025-04-10T20:44:38Z,276.32,WITHDRAWAL,SUCCESS
tx_167,acc_14,2025-03-24T07:43:26Z,85.16,P2P,FAILED
tx_168,acc_14,2025-04-17T18:36:22Z,33.56,P2P,SUCCESS
tx_169,acc_15,2025-05-18T09:29:07Z,197.55,WITHDRAWAL,SUCCESS
tx_17,acc_2,2025-05-08T05:27:06Z,250.88,WITHDRAWAL,SUCCESS
tx_170,acc_15,2025-05-18T04:55:03Z,206.67,WITHDRAWAL,SUCCESS
tx_171,acc_15,2025-05-18T02:01:44Z,506.95,WITHDRAWAL,SUCCESS
tx_172,acc_15,2025-05-19T21:39:20Z,450.98,DEPOSIT,SUCCESS
tx_173,acc_15,2025-05-01T09:43:48Z,146.29,DEPOSIT,SUCCESS
tx_174,acc_15,2025-05-13T02:50:57Z,161.7,WITHDRAWAL,FAILED
tx_175,acc_15,2025-05-15T00:58:44Z,283.63,WITHDRAWAL,SUCCESS
tx_176,acc_15,2025-05-03T07:28:42Z,146.96,WITHDRAWAL,SUCCESS
tx_177,acc_15,2025-03-13T00:08:32Z,76.99,WITHDRAWAL,SUCCESS
tx_178,acc_15,2025-04-19T22:25:20Z,278.21,DEPOSIT,SUCCESS
tx_179,acc_15,2025-04-23T06:47:14Z,219.99,P2P,FAILED
tx_18,acc_2,2025-05-11T11:39:58Z,255.89,DEPOSIT,SUCCESS
tx_180,acc_15,2025-03-23T05:56:40Z,98.04,P2P,FAILED
tx_181,acc_16,2025-05-19T08:36:57Z,201.6,WITHDRAWAL,SUCCESS
tx_182,acc_16,2025-05-23T18:23:11Z,310.59,P2P,FAILED
tx_183,acc_16,2025-05-19T01:56:42Z,309.77,WITHDRAWAL,SUCCESS
tx_184,acc_16,2025-05-21T15:28:03Z,236.61,WITHDRAWAL,SUCCESS
tx_185,acc_16,2025-05-06T16:46:40Z,243.19,WITHDRAWAL,SUCCESS
tx_186,acc_16,2025-05-09T10:26:25Z,264.58,WITHDRAWAL,SUCCESS
tx_187,acc_16,2025-05-05T01:28:43Z,53.28,WITHDRAWAL,SUCCESS
tx_188,acc_16,2025-05-14T07:55:59Z,180.84,WITHDRAWAL,SUCCESS
tx_189,acc_16,2025-04-15T01:29:19Z,214.6,WITHDRAWAL,SUCCESS
tx_19,acc_2,2025-05-15T02:52:33Z,114.16,P2P,FAILED
tx_190,acc_16,2025-03-24T01:44:30Z,174.02,DEPOSIT,SUCCESS
tx_191,acc_16,2025-03-14T16:27:17Z,116.01,DEPOSIT,FAILED
tx_192,acc_16,2025-04-16T23:57:14Z,212.64,P2P,FAILED
tx_193,acc_17,2025-05-18T08:15:33Z,433.89,WITHDRAWAL,SUCCESS
tx_194,acc_17,2025-05-22T23:13:30Z,187.84,WITHDRAWAL,SUCCESS
tx_195,acc_17,2025-05-19T15:56:54Z,285.3,WITHDRAWAL,SUCCESS
tx_196,acc_17,2025-05-23T16:19:44Z,451.08,WITHDRAWAL,SUCCESS
tx_197,acc_17,2025-05-03T05:50:39Z,114.55,DEPOSIT,SUCCESS
tx_198,acc_17,2025-05-13T06:51:16Z,125.6,P2P,SUCCESS
tx_199,acc_17,2025-05-16T11:38:46Z,220.68,WITHDRAWAL,SUCCESS
tx_2,acc_1,2025-05-22T04:59:49Z,418.93,WITHDRAWAL,SUCCESS
tx_20,acc_2,2025-05-05T05:15:11Z,53.59,P2P,FAILED
tx_200,acc_17,2025-04-24T20:30:45Z,41.77,P2P,FAILED
tx_201,acc_17,2025-03-29T18:33:24Z,89.87,P2P,SUCCESS
tx_202,acc_17,2025-03-19T09:21:25Z,209.51,P2P,FAILED
tx_203,acc_17,2025-04-05T16:37:24Z,60.35,DEPOSIT,SUCCESS
tx_204,acc_17,2025-04-06T15:16:17Z,293.73,WITHDRAWAL,SUCCESS
tx_205,acc_18,2025-05-20T04:54:57Z,459.88,WITHDRAWAL,SUCCESS
tx_206,acc_18,2025-05-19T03:45:03Z,279.41,DEPOSIT,SUCCESS
tx_207,acc_18,2025-05-21T14:22:08Z,245.68,WITHDRAWAL,SUCCESS
tx_208,acc_18,2025-05-18T08:40:48Z,517.55,DEPOSIT,SUCCESS
tx_209,acc_18,2025-04-27T07:42:00Z,31.38,WITHDRAWAL,SUCCESS
tx_21,acc_2,2025-04-07T17:53:11Z,52.01,P2P,FAILED
tx_210,acc_18,2025-05-03T23:54:54Z,221.58,P2P,FAILED
tx_211,acc_18,2025-05-11T06:17:59Z,48.11,P2P,FAILED
tx_212,acc_18,2025-04-30T08:40:07Z,21.07,P2P,FAILED
tx_213,acc_18,2025-03-23T23:00:27Z,130.97,P2P,SUCCESS
tx_214,acc_18,2025-04-10T03:12:28Z,269.87,P2P,FAILED
tx_215,acc_18,2025-03-28T22:08:24Z,46.7,WITHDRAWAL,SUCCESS
tx_216,acc_18,2025-04-03T11:37:56Z,25.6,P2P,FAILED
tx_217,acc_19,2025-05-21T03:54:03Z,191.01,WITHDRAWAL,SUCCESS
tx_218,acc_19,2025-05-17T19:15:51Z,239.06,WITHDRAWAL,SUCCESS
tx_219,acc_19,2025-05-18T03:52:13Z,246.64,WITHDRAWAL,SUCCESS
tx_22,acc_2,2025-03-24T21:18:37Z,202.23,P2P,SUCCESS
tx_220,acc_19,2025-05-21T02:24:47Z,243.74,WITHDRAWAL,SUCCESS
tx_221,acc_19,2025-05-02T18:34:06Z,224.77,P2P,SUCCESS
tx_222,acc_19,2025-05-08T12:04:15Z,50.15,WITHDRAWAL,SUCCESS
tx_223,acc_19,2025-05-06T08:23:42Z,262.28,WITHDRAWAL,SUCCESS
tx_224,acc_19,2025-05-03T22:19:34Z,36.48,P2P,SUCCESS
tx_225,acc_19,2025-04-19T20:48:24Z,268.29,P2P,FAILED
tx_226,acc_19,2025-04-04T18:46:56Z,33.88,P2P,FAILED
tx_227,acc_19,2025-03-07T12:56:53Z,174.32,P2P,FAILED
tx_228,acc_19,2025-04-10T02:57:10Z,94.44,WITHDRAWAL,SUCCESS
tx_229,acc_20,2025-05-23T20:58:15Z,318.58,WITHDRAWAL,SUCCESS
tx_23,acc_2,2025-03-06T07:54:27Z,120.81,P2P,SUCCESS
tx_230,acc_20,2025-05-18T00:57:14Z,264.03,WITHDRAWAL,SUCCESS
tx_231,acc_20,2025-05-19T21:25:14Z,404.22,WITHDRAWAL,SUCCESS
tx_232,acc_20,2025-05-17T16:30:59Z,490.86,WITHDRAWAL,SUCCESS
tx_233,acc_20,2025-04-28T02:09:19Z,77.21,P2P,FAILED
tx_234,acc_20,2025-05-10T14:56:54Z,170.89,P2P,SUCCESS
tx_235,acc_20,2025-05-15T16:35:31Z,102.31,DEPOSIT,SUCCESS
tx_236,acc_20,2025-04-29T19:32:40Z,199.72,WITHDRAWAL,SUCCESS
tx_237,acc_20,2025-03-04T21:52:21Z,48.87,WITHDRAWAL,SUCCESS
tx_238,acc_20,2025-03-16T02:24:42Z,202.78,P2P,FAILED
tx_239,acc_20,2025-03-14T22:28:44Z,109.9,P2P,FAILED
tx_24,acc_2,2025-04-03T04:18:01Z,166.8,WITHDRAWAL,SUCCESS
tx_240,acc_20,2025-03-07T17:53:30Z,151.02,WITHDRAWAL,SUCCESS
tx_241,acc_21,2025-05-22T19:21:12Z,290.41,P2P,FAILED
tx_242,acc_21,2025-05-18T09:34:48Z,332.02,WITHDRAWAL,SUCCESS
tx_243,acc_21,2025-05-18T11:59:23Z,273.7,WITHDRAWAL,SUCCESS
tx_244,acc_21,2025-05-24T01:30:19Z,323.27,WITHDRAWAL,SUCCESS
tx_245,acc_21,2025-04-27T23:26:03Z,76.3,WITHDRAWAL,SUCCESS
tx_246,acc_21,2025-05-01T21:42:35Z,146.65,P2P,FAILED
tx_247,acc_21,2025-05-15T08:43:10Z,229.37,P2P,FAILED
tx_248,acc_21,2025-05-02T17:50:35Z,157.96,WITHDRAWAL,SUCCESS
tx_249,acc_21,2025-03-27T21:48:42Z,266.97,WITHDRAWAL,SUCCESS
tx_25,acc_3,2025-05-24T04:37:43Z,225.92,WITHDRAWAL,SUCCESS
tx_250,acc_21,2025-04-09T14:08:38Z,184.89,DEPOSIT,SUCCESS
tx_251,acc_21,2025-03-13T23:59:56Z,134.55,WITHDRAWAL,SUCCESS
tx_252,acc_21,2025-04-07T06:46:59Z,164.35,P2P,FAILED
tx_253,acc_22,2025-05-22T15:55:35Z,315.75,P2P,FAILED
tx_254,acc_22,2025-05-19T17:43:34Z,486.12,WITHDRAWAL,FAILED
tx_255,acc_22,2025-05-18T14:42:40Z,451.7,DEPOSIT,SUCCESS
tx_256,acc_22,2025-05-20T21:57:09Z,384.87,WITHDRAWAL,SUCCESS
tx_257,acc_22,2025-04-30T14:15:15Z,196.61,P2P,SUCCESS
tx_258,acc_22,2025-05-06T05:25:40Z,264.98,P2P,SUCCESS
tx_259,acc_22,2025-05-15T02:00:34Z,185.8,WITHDRAWAL,SUCCESS
tx_26,acc_3,2025-05-19T08:41:00Z,472.44,WITHDRAWAL,SUCCESS
tx_260,acc_22,2025-05-07T15:51:58Z,61.9,P2P,SUCCESS
tx_261,acc_22,2025-04-19T17:32:04Z,173.81,DEPOSIT,SUCCESS
tx_262,acc_22,2025-04-09T15:38:41Z,29.94,P2P,FAILED
tx_263,acc_22,2025-03-06T19:28:45Z,258.67,P2P,FAILED
tx_264,acc_22,2025-03-29T05:28:49Z,167.17,P2P,FAILED
tx_265,acc_23,2025-05-18T03:15:12Z,278.75,WITHDRAWAL,SUCCESS
tx_266,acc_23,2025-05-21T13:59:56Z,466.87,P2P,FAILED
tx_267,acc_23,2025-05-18T07:38:09Z,411.75,WITHDRAWAL,SUCCESS
tx_268,acc_23,2025-05-21T14:06:28Z,194.66,P2P,SUCCESS
tx_269,acc_23,2025-04-25T09:58:09Z,191.68,P2P,FAILED
tx_27,acc_3,2025-05-22T09:55:37Z,219.58,DEPOSIT,SUCCESS
tx_270,acc_23,2025-05-09T13:38:34Z,91.46,P2P,FAILED
tx_271,acc_23,2025-04-30T08:27:19Z,225.46,WITHDRAWAL,SUCCESS
tx_272,acc_23,2025-05-01T02:54:11Z,199.0,WITHDRAWAL,SUCCESS
tx_273,acc_23,2025-03-30T04:33:57Z,26.93,DEPOSIT,SUCCESS
tx_274,acc_23,2025-03-13T00:12:53Z,257.43,P2P,FAILED
tx_275,acc_23,2025-04-17T16:27:30Z,60.26,P2P,FAILED
tx_276,acc_23,2025-04-11T05:02:57Z,45.75,WITHDRAWAL,SUCCESS
tx_277,acc_24,2025-05-21T01:02:22Z,420.96,WITHDRAWAL,SUCCESS
tx_278,acc_24,2025-05-23T13:38:40Z,254.92,WITHDRAWAL,SUCCESS
tx_279,acc_24,2025-05-22T20:48:39Z,299.76,WITHDRAWAL,SUCCESS
tx_28,acc_3,2025-05-23T04:20:56Z,468.27,WITHDRAWAL,SUCCESS
tx_280,acc_24,2025-05-17T23:18:47Z,389.34,WITHDRAWAL,SUCCESS
tx_281,acc_24,2025-05-02T03:10:17Z,31.43,WITHDRAWAL,SUCCESS
tx_282,acc_24,2025-05-17T08:37:35Z,267.76,P2P,SUCCESS
tx_283,acc_24,2025-05-11T23:27:25Z,100.17,P2P,FAILED
tx_284,acc_24,2025-05-07T10:56:19Z,235.65,WITHDRAWAL,SUCCESS
tx_285,acc_24,2025-04-16T12:27:29Z,72.77,P2P,SUCCESS
tx_286,acc_24,2025-04-23T14:38:34Z,120.56,P2P,FAILED
tx_287,acc_24,2025-04-08T12:56:59Z,190.7,DEPOSIT,SUCCESS
tx_288,acc_24,2025-03-23T20:00:35Z,278.79,WITHDRAWAL,SUCCESS
tx_289,acc_25,2025-05-18T08:00:22Z,434.39,WITHDRAWAL,SUCCESS
tx_29,acc_3,2025-04-25T12:39:02Z,136.41,WITHDRAWAL,SUCCESS
tx_290,acc_25,2025-05-23T13:54:00Z,508.41,WITHDRAWAL,SUCCESS
tx_291,acc_25,2025-05-18T17:31:37Z,426.35,WITHDRAWAL,SUCCESS
tx_292,acc_25,2025-05-18T09:52:50Z,253.48,WITHDRAWAL,SUCCESS
tx_293,acc_25,2025-05-12T09:37:51Z,88.33,WITHDRAWAL,SUCCESS
tx_294,acc_25,2025-05-11T15:36:01Z,203.07,P2P,FAILED
tx_295,acc_25,2025-05-14T13:13:37Z,195.9,P2P,FAILED
tx_296,acc_25,2025-04-26T09:38:32Z,182.83,DEPOSIT,SUCCESS
tx_297,acc_25,2025-03-29T14:33:20Z,168.46,DEPOSIT,SUCCESS
tx_298,acc_25,2025-03-05T21:46:28Z,163.37,P2P,FAILED
tx_299,acc_25,2025-03-30T11:32:28Z,64.79,P2P,FAILED
tx_3,acc_1,2025-05-20T10:55:40Z,435.6,WITHDRAWAL,SUCCESS
tx_30,acc_3,2025-05-09T00:31:14Z,147.11,P2P,FAILED
tx_300,acc_25,2025-03-15T15:08:53Z,23.58,WITHDRAWAL,SUCCESS
tx_301,acc_26,2025-05-27T05:22:47Z,70.86,WITHDRAWAL,SUCCESS
tx_302,acc_26,2025-05-17T17:02:25Z,157.04,DEPOSIT,SUCCESS
tx_303,acc_26,2025-05-14T17:38:59Z,195.74,P2P,SUCCESS
tx_304,acc_26,2025-04-27T15:33:38Z,48.74,P2P,SUCCESS
tx_305,acc_26,2025-05-13T18:39:07Z,26.14,DEPOSIT,SUCCESS
tx_306,acc_26,2025-03-30T14:15:52Z,252.85,DEPOSIT,SUCCESS
tx_307,acc_26,2025-04-24T11:04:33Z,290.21,WITHDRAWAL,SUCCESS
tx_308,acc_26,2025-04-13T19:25:02Z,60.7,P2P,FAILED
tx_309,acc_26,2025-03-24T00:21:24Z,275.15,DEPOSIT,SUCCESS
tx_31,acc_3,2025-05-09T06:02:08Z,79.98,P2P,FAILED
tx_310,acc_26,2025-03-10T10:28:12Z,250.36,DEPOSIT,SUCCESS
tx_311,acc_27,2025-05-27T02:27:46Z,81.0,WITHDRAWAL,SUCCESS
tx_312,acc_27,2025-05-21T17:07:08Z,104.04,P2P,FAILED
tx_313,acc_27,2025-04-26T14:30:58Z,214.36,DEPOSIT,SUCCESS
tx_314,acc_27,2025-05-17T17:24:29Z,135.55,DEPOSIT,SUCCESS
tx_315,acc_27,2025-05-15T23:10:31Z,267.5,WITHDRAWAL,SUCCESS
tx_316,acc_27,2025-03-29T20:12:25Z,232.1,DEPOSIT,SUCCESS
tx_317,acc_27,2025-04-22T15:31:31Z,197.75,P2P,SUCCESS
tx_318,acc_27,2025-04-12T03:06:55Z,32.14,P2P,SUCCESS
tx_319,acc_27,2025-04-16T05:23:58Z,234.96,WITHDRAWAL,SUCCESS
tx_32,acc_3,2025-05-04T23:07:05Z,34.24,P2P,FAILED
tx_320,acc_27,2025-03-11T02:09:54Z,170.1,P2P,SUCCESS
tx_321,acc_28,2025-05-28T20:24:57Z,136.25,P2P,SUCCESS
tx_322,acc_28,2025-05-17T15:39:52Z,113.57,DEPOSIT,SUCCESS
tx_323,acc_28,2025-04-27T18:17:54Z,221.45,DEPOSIT,SUCCESS
tx_324,acc_28,2025-05-15T03:14:25Z,233.79,P2P,SUCCESS
tx_325,acc_28,2025-04-30T13:21:01Z,119.75,P2P,FAILED
tx_326,acc_28,2025-04-16T00:51:10Z,176.94,WITHDRAWAL,SUCCESS
tx_327,acc_28,2025-04-12T18:31:13Z,271.39,DEPOSIT,SUCCESS
tx_328,acc_28,2025-04-09T00:15:51Z,107.87,DEPOSIT,SUCCESS
tx_329,acc_28,2025-03-15T22:39:58Z,164.61,P2P,SUCCESS
tx_33,acc_3,2025-03-16T21:51:22Z,28.81,WITHDRAWAL,SUCCESS
tx_330,acc_28,2025-04-11T03:42:20Z,170.75,DEPOSIT,SUCCESS
tx_331,acc_29,2025-05-25T06:41:06Z,25.1,DEPOSIT,FAILED
tx_332,acc_29,2025-05-03T04:15:46Z,224.1,P2P,SUCCESS
tx_333,acc_29,2025-05-19T20:50:16Z,228.84,DEPOSIT,SUCCESS
tx_334,acc_29,2025-04-28T16:24:24Z,166.5,WITHDRAWAL,SUCCESS
tx_335,acc_29,2025-05-05T20:36:33Z,297.96,WITHDRAWAL,SUCCESS
tx_336,acc_29,2025-04-16T01:24:24Z,51.72,DEPOSIT,SUCCESS
tx_337,acc_29,2025-03-02T18:32:43Z,44.65,P2P,SUCCESS
tx_338,acc_29,2025-04-10T03:36:29Z,293.42,DEPOSIT,FAILED
tx_339,acc_29,2025-03-02T12:07:41Z,147.02,WITHDRAWAL,SUCCESS
tx_34,acc_3,2025-04-13T08:59:49Z,144.2,P2P,FAILED
tx_340,acc_29,2025-04-16T14:48:24Z,146.58,DEPOSIT,SUCCESS
tx_341,acc_30,2025-05-30T15:52:33Z,267.42,DEPOSIT,SUCCESS
tx_342,acc_30,2025-04-26T15:16:43Z,265.47,P2P,SUCCESS
tx_343,acc_30,2025-05-22T06:34:49Z,226.82,DEPOSIT,SUCCESS
tx_344,acc_30,2025-05-20T13:12:09Z,48.2,DEPOSIT,SUCCESS
tx_345,acc_30,2025-05-06T02:36:58Z,292.16,P2P,SUCCESS
tx_346,acc_30,2025-04-22T06:35:57Z,23.87,DEPOSIT,SUCCESS
tx_347,acc_30,2025-03-13T18:12:43Z,142.74,DEPOSIT,SUCCESS
tx_348,acc_30,2025-04-13T20:00:11Z,153.9,DEPOSIT,SUCCESS
tx_349,acc_30,2025-03-25T02:14:18Z,227.9,DEPOSIT,SUCCESS
tx_35,acc_3,2025-03-09T05:34:41Z,209.96,WITHDRAWAL,SUCCESS
tx_350,acc_30,2025-03-03T22:25:12Z,135.59,P2P,SUCCESS
tx_351,acc_31,2025-05-30T16:07:24Z,20.01,DEPOSIT,SUCCESS
tx_352,acc_31,2025-04-29T08:16:36Z,266.65,WITHDRAWAL,FAILED
tx_353,acc_31,2025-04-26T17:48:06Z,159.94,P2P,SUCCESS
tx_354,acc_31,2025-05-04T16:15:25Z,33.15,P2P,SUCCESS
tx_355,acc_31,2025-05-11T07:51:00Z,201.25,WITHDRAWAL,SUCCESS
tx_356,acc_31,2025-04-14T06:19:28Z,254.01,DEPOSIT,SUCCESS
tx_357,acc_31,2025-03-17T16:42:40Z,253.73,DEPOSIT,SUCCESS
tx_358,acc_31,2025-04-08T06:28:00Z,40.14,P2P,SUCCESS
tx_359,acc_31,2025-03-29T15:42:48Z,52.67,P2P,SUCCESS
tx_36,acc_3,2025-04-20T19:48:57Z,202.24,WITHDRAWAL,SUCCESS
tx_360,acc_31,2025-03-04T16:47:28Z,48.02,WITHDRAWAL,SUCCESS
tx_361,acc_32,2025-05-25T15:03:38Z,153.73,P2P,SUCCESS
tx_362,acc_32,2025-05-04T03:05:24Z,64.03,DEPOSIT,SUCCESS
tx_363,acc_32,2025-05-03T10:07:24Z,64.33,DEPOSIT,SUCCESS
tx_364,acc_32,2025-05-17T19:55:09Z,225.59,WITHDRAWAL,SUCCESS
tx_365,acc_32,2025-05-01T21:56:08Z,134.19,DEPOSIT,SUCCESS
tx_366,acc_32,2025-04-10T03:18:17Z,93.92,WITHDRAWAL,SUCCESS
tx_367,acc_32,2025-03-29T23:08:28Z,297.43,DEPOSIT,SUCCESS
tx_368,acc_32,2025-04-17T04:52:06Z,197.56,DEPOSIT,SUCCESS
tx_369,acc_32,2025-04-17T21:15:28Z,238.78,DEPOSIT,SUCCESS
tx_37,acc_4,2025-05-17T14:13:01Z,412.4,WITHDRAWAL,SUCCESS
tx_370,acc_32,2025-03-22T21:54:14Z,156.91,P2P,SUCCESS
tx_371,acc_33,2025-05-26T13:10:05Z,105.27,P2P,SUCCESS
tx_372,acc_33,2025-05-16T18:09:06Z,113.74,DEPOSIT,FAILED
tx_373,acc_33,2025-05-23T17:58:16Z,293.77,P2P,SUCCESS
tx_374,acc_33,2025-05-22T01:24:05Z,165.75,WITHDRAWAL,SUCCESS
tx_375,acc_33,2025-05-04T20:58:33Z,220.94,WITHDRAWAL,SUCCESS
tx_376,acc_33,2025-04-07T14:54:43Z,140.67,WITHDRAWAL,SUCCESS
tx_377,acc_33,2025-03-29T14:23:09Z,185.8,P2P,SUCCESS
tx_378,acc_33,2025-03-31T08:49:40Z,205.12,WITHDRAWAL,SUCCESS
tx_379,acc_33,2025-04-02T13:18:43Z,181.48,DEPOSIT,SUCCESS
tx_38,acc_4,2025-05-21T06:34:01Z,501.43,WITHDRAWAL,SUCCESS
tx_380,acc_33,2025-03-19T07:56:17Z,264.7,DEPOSIT,SUCCESS
tx_381,acc_34,2025-05-31T20:35:44Z,92.34,WITHDRAWAL,SUCCESS
tx_382,acc_34,2025-04-28T05:20:20Z,92.83,WITHDRAWAL,SUCCESS
tx_383,acc_34,2025-05-09T21:34:22Z,250.39,DEPOSIT,SUCCESS
tx_384,acc_34,2025-04-26T05:47:16Z,31.02,DEPOSIT,SUCCESS
tx_385,acc_34,2025-05-12T20:40:17Z,123.48,P2P,SUCCESS
tx_386,acc_34,2025-04-09T00:36:11Z,235.1,P2P,SUCCESS
tx_387,acc_34,2025-03-27T09:55:54Z,244.02,WITHDRAWAL,SUCCESS
tx_388,acc_34,2025-03-25T01:21:04Z,66.81,DEPOSIT,SUCCESS
tx_389,acc_34,2025-03-29T18:24:21Z,281.46,WITHDRAWAL,SUCCESS
tx_39,acc_4,2025-05-17T12:59:35Z,196.05,WITHDRAWAL,SUCCESS
tx_390,acc_34,2025-03-24T23:31:44Z,254.59,DEPOSIT,SUCCESS
tx_391,acc_35,2025-05-25T16:05:26Z,143.81,WITHDRAWAL,SUCCESS
tx_392,acc_35,2025-05-02T07:52:30Z,91.99,WITHDRAWAL,SUCCESS
tx_393,acc_35,2025-05-20T10:48:31Z,197.64,DEPOSIT,SUCCESS
tx_394,acc_35,2025-05-23T04:25:46Z,263.68,WITHDRAWAL,SUCCESS
tx_395,acc_35,2025-05-20T21:38:14Z,73.51,WITHDRAWAL,SUCCESS
tx_396,acc_35,2025-03-18T22:44:50Z,152.78,DEPOSIT,SUCCESS
tx_397,acc_35,2025-03-24T12:42:52Z,103.8,WITHDRAWAL,SUCCESS
tx_398,acc_35,2025-04-21T20:06:55Z,53.97,DEPOSIT,SUCCESS
tx_399,acc_35,2025-04-05T10:33:00Z,95.93,DEPOSIT,SUCCESS
tx_4,acc_1,2025-05-21T11:52:06Z,393.91,P2P,FAILED
tx_40,acc_4,2025-05-23T12:41:47Z,462.25,WITHDRAWAL,SUCCESS
tx_400,acc_35,2025-04-08T17:16:56Z,39.66,P2P,SUCCESS
tx_401,acc_36,2025-05-29T01:44:40Z,154.0,WITHDRAWAL,SUCCESS
tx_402,acc_36,2025-05-07T04:51:07Z,251.41,P2P,SUCCESS
tx_403,acc_36,2025-05-01T02:07:09Z,229.84,DEPOSIT,SUCCESS
tx_404,acc_36,2025-04-29T20:00:44Z,174.6,DEPOSIT,SUCCESS
tx_405,acc_36,2025-05-17T17:36:36Z,285.27,DEPOSIT,SUCCESS
tx_406,acc_36,2025-03-11T02:19:03Z,246.18,P2P,SUCCESS
tx_407,acc_36,2025-03-30T04:13:59Z,64.86,DEPOSIT,SUCCESS
tx_408,acc_36,2025-03-31T13:20:56Z,290.21,WITHDRAWAL,SUCCESS
tx_409,acc_36,2025-04-12T02:05:55Z,250.56,WITHDRAWAL,SUCCESS
tx_41,acc_4,2025-05-17T06:10:17Z,264.52,P2P,FAILED
tx_410,acc_36,2025-03-24T22:53:45Z,183.34,P2P,SUCCESS
tx_411,acc_37,2025-05-28T18:26:21Z,157.24,P2P,SUCCESS
tx_412,acc_37,2025-05-10T16:37:32Z,24.0,DEPOSIT,FAILED
tx_413,acc_37,2025-05-23T03:40:34Z,195.23,DEPOSIT,SUCCESS
tx_414,acc_37,2025-05-11T12:11:52Z,98.53,P2P,SUCCESS
tx_415,acc_37,2025-04-26T05:57:34Z,252.81,WITHDRAWAL,SUCCESS
tx_416,acc_37,2025-04-05T13:47:35Z,254.6,DEPOSIT,SUCCESS
tx_417,acc_37,2025-03-26T03:44:29Z,221.24,DEPOSIT,SUCCESS
tx_418,acc_37,2025-03-16T11:48:54Z,96.66,P2P,SUCCESS
tx_419,acc_37,2025-04-21T21:56:36Z,171.69,P2P,SUCCESS
tx_42,acc_4,2025-04-27T02:31:56Z,154.66,WITHDRAWAL,SUCCESS
tx_420,acc_37,2025-04-05T11:40:32Z,241.87,WITHDRAWAL,SUCCESS
tx_421,acc_38,2025-05-26T18:47:51Z,285.91,WITHDRAWAL,FAILED
tx_422,acc_38,2025-04-27T18:03:58Z,134.38,P2P,SUCCESS
tx_423,acc_38,2025-04-29T12:45:46Z,205.96,DEPOSIT,SUCCESS
tx_424,acc_38,2025-05-04T07:42:02Z,36.77,WITHDRAWAL,SUCCESS
tx_425,acc_38,2025-05-22T16:01:37Z,210.19,WITHDRAWAL,SUCCESS
tx_426,acc_38,2025-03-26T09:45:02Z,68.35,P2P,SUCCESS
tx_427,acc_38,2025-03-12T02:58:21Z,171.12,P2P,SUCCESS
tx_428,acc_38,2025-04-17T22:05:56Z,203.72,P2P,SUCCESS
tx_429,acc_38,2025-03-16T22:52:29Z,181.48,DEPOSIT,SUCCESS
tx_43,acc_4,2025-04-29T09:14:19Z,219.56,P2P,FAILED
tx_430,acc_38,2025-03-12T06:19:16Z,240.68,DEPOSIT,SUCCESS
tx_431,acc_39,2025-05-28T21:11:29Z,129.69,WITHDRAWAL,SUCCESS
tx_432,acc_39,2025-05-15T16:50:15Z,229.16,P2P,SUCCESS
tx_433,acc_39,2025-05-20T05:18:22Z,92.2,DEPOSIT,SUCCESS
tx_434,acc_39,2025-05-12T12:22:06Z,274.28,P2P,SUCCESS
tx_435,acc_39,2025-05-09T22:32:13Z,64.27,P2P,SUCCESS
tx_436,acc_39,2025-04-05T17:03:57Z,183.5,P2P,SUCCESS
tx_437,acc_39,2025-03-28T23:20:08Z,214.67,P2P,SUCCESS
tx_438,acc_39,2025-04-05T17:03:58Z,120.75,WITHDRAWAL,SUCCESS
tx_439,acc_39,2025-03-02T16:30:03Z,106.84,DEPOSIT,SUCCESS
tx_44,acc_4,2025-05-04T00:36:53Z,77.07,WITHDRAWAL,SUCCESS
tx_440,acc_39,2025-04-06T18:28:21Z,250.14,WITHDRAWAL,SUCCESS
tx_441,acc_40,2025-05-31T15:27:39Z,281.25,WITHDRAWAL,SUCCESS
tx_442,acc_40,2025-05-13T13:30:30Z,208.19,DEPOSIT,SUCCESS
tx_443,acc_40,2025-05-23T03:31:30Z,171.8,DEPOSIT,SUCCESS
tx_444,acc_40,2025-05-23T13:18:05Z,69.08,P2P,SUCCESS
tx_445,acc_40,2025-05-03T19:05:52Z,244.73,P2P,SUCCESS
tx_446,acc_40,2025-03-23T05:23:11Z,87.07,P2P,SUCCESS
tx_447,acc_40,2025-04-06T12:17:02Z,88.64,DEPOSIT,SUCCESS
tx_448,acc_40,2025-03-26T01:12:48Z,76.93,WITHDRAWAL,SUCCESS
tx_449,acc_40,2025-04-19T05:15:16Z,152.57,P2P,SUCCESS
tx_45,acc_4,2025-03-13T15:58:13Z,150.03,P2P,SUCCESS
tx_450,acc_40,2025-03-21T06:42:28Z,110.29,DEPOSIT,SUCCESS
tx_451,acc_41,2025-05-29T12:17:47Z,165.72,WITHDRAWAL,SUCCESS
tx_452,acc_41,2025-05-08T02:17:04Z,133.38,P2P,FAILED
tx_453,acc_41,2025-05-04T09:52:17Z,28.99,DEPOSIT,SUCCESS
tx_454,acc_41,2025-04-25T19:18:00Z,105.36,WITHDRAWAL,SUCCESS
tx_455,acc_41,2025-05-03T10:09:10Z,143.99,WITHDRAWAL,SUCCESS
tx_456,acc_41,2025-03-05T02:18:18Z,204.64,P2P,SUCCESS
tx_457,acc_41,2025-04-23T14:21:57Z,181.17,WITHDRAWAL,SUCCESS
tx_458,acc_41,2025-03-05T03:25:31Z,152.94,DEPOSIT,SUCCESS
tx_459,acc_41,2025-04-16T01:24:51Z,74.67,P2P,SUCCESS
tx_46,acc_4,2025-03-19T22:08:08Z,142.82,P2P,FAILED
tx_460,acc_41,2025-03-21T17:31:32Z,139.24,DEPOSIT,SUCCESS
tx_461,acc_42,2025-05-28T23:28:43Z,291.84,DEPOSIT,SUCCESS
tx_462,acc_42,2025-05-16T07:58:38Z,225.39,DEPOSIT,SUCCESS
tx_463,acc_42,2025-05-22T10:06:46Z,227.52,DEPOSIT,SUCCESS
tx_464,acc_42,2025-05-12T18:18:18Z,96.33,WITHDRAWAL,SUCCESS
tx_465,acc_42,2025-05-23T22:32:56Z,154.56,WITHDRAWAL,SUCCESS
tx_466,acc_42,2025-03-18T09:24:58Z,276.73,WITHDRAWAL,SUCCESS
tx_467,acc_42,2025-03-07T14:18:18Z,43.89,DEPOSIT,SUCCESS
tx_468,acc_42,2025-03-05T10:51:24Z,261.91,P2P,SUCCESS
tx_469,acc_42,2025-04-07T20:00:57Z,177.13,DEPOSIT,SUCCESS
tx_47,acc_4,2025-03-24T13:28:55Z,297.98,P2P,SUCCESS
tx_470,acc_42,2025-04-06T22:24:46Z,274.8,P2P,SUCCESS
tx_471,acc_43,2025-05-30T10:45:16Z,182.24,WITHDRAWAL,SUCCESS
tx_472,acc_43,2025-05-20T04:06:03Z,93.75,P2P,SUCCESS
tx_473,acc_43,2025-05-11T10:38:09Z,101.55,DEPOSIT,SUCCESS
tx_474,acc_43,2025-05-18T09:58:26Z,96.89,P2P,SUCCESS
tx_475,acc_43,2025-04-27T22:38:28Z,173.18,WITHDRAWAL,SUCCESS
tx_476,acc_43,2025-03-16T12:50:48Z,201.16,DEPOSIT,SUCCESS
tx_477,acc_43,2025-04-18T10:51:58Z,77.33,DEPOSIT,SUCCESS
tx_478,acc_43,2025-04-17T10:05:59Z,202.4,P2P,FAILED
tx_479,acc_43,2025-04-08T10:21:32Z,297.41,WITHDRAWAL,SUCCESS
tx_48,acc_4,2025-03-24T14:49:38Z,150.37,P2P,SUCCESS
tx_480,acc_43,2025-03-31T15:32:51Z,274.41,P2P,SUCCESS
tx_481,acc_44,2025-05-27T15:01:24Z,140.97,DEPOSIT,SUCCESS
tx_482,acc_44,2025-05-07T18:54:08Z,116.95,DEPOSIT,SUCCESS
tx_483,acc_44,2025-05-07T23:45:38Z,297.67,WITHDRAWAL,SUCCESS
tx_484,acc_44,2025-05-03T06:53:00Z,74.22,P2P,SUCCESS
tx_485,acc_44,2025-05-15T06:37:58Z,298.94,WITHDRAWAL,SUCCESS
tx_486,acc_44,2025-04-23T22:30:24Z,52.16,WITHDRAWAL,SUCCESS
tx_487,acc_44,2025-04-21T10:36:48Z,242.59,WITHDRAWAL,SUCCESS
tx_488,acc_44,2025-04-18T22:35:16Z,57.04,DEPOSIT,SUCCESS
tx_489,acc_44,2025-03-06T06:13:07Z,224.83,WITHDRAWAL,SUCCESS
tx_49,acc_5,2025-05-22T13:52:52Z,332.86,WITHDRAWAL,SUCCESS
tx_490,acc_44,2025-04-21T11:42:37Z,87.35,WITHDRAWAL,SUCCESS
tx_491,acc_45,2025-05-28T09:59:20Z,32.89,P2P,SUCCESS
tx_492,acc_45,2025-05-23T17:02:34Z,44.28,DEPOSIT,SUCCESS
tx_493,acc_45,2025-05-09T19:21:33Z,91.82,DEPOSIT,SUCCESS
tx_494,acc_45,2025-05-03T09:09:06Z,255.86,DEPOSIT,SUCCESS
tx_495,acc_45,2025-04-26T21:33:57Z,82.96,DEPOSIT,SUCCESS
tx_496,acc_45,2025-03-24T19:19:08Z,218.17,DEPOSIT,SUCCESS
tx_497,acc_45,2025-03-29T08:16:00Z,32.25,P2P,SUCCESS
tx_498,acc_45,2025-03-18T18:09:47Z,150.71,P2P,SUCCESS
tx_499,acc_45,2025-04-13T18:31:54Z,43.05,P2P,SUCCESS
tx_5,acc_1,2025-05-02T05:36:04Z,240.47,DEPOSIT,SUCCESS
tx_50,acc_5,2025-05-22T01:37:02Z,495.29,WITHDRAWAL,SUCCESS
tx_500,acc_45,2025-03-12T09:22:40Z,161.78,DEPOSIT,SUCCESS
tx_501,acc_46,2025-05-26T16:31:32Z,51.24,P2P,SUCCESS
tx_502,acc_46,2025-04-25T08:16:37Z,102.27,DEPOSIT,SUCCESS
tx_503,acc_46,2025-05-20T02:14:57Z,63.05,DEPOSIT,FAILED
tx_504,acc_46,2025-04-24T19:38:00Z,145.53,DEPOSIT,SUCCESS
tx_505,acc_46,2025-05-14T22:09:32Z,56.81,P2P,SUCCESS
tx_506,acc_46,2025-03-11T16:52:25Z,87.68,WITHDRAWAL,SUCCESS
tx_507,acc_46,2025-04-23T00:21:02Z,284.04,WITHDRAWAL,SUCCESS
tx_508,acc_46,2025-04-21T08:55:48Z,39.85,P2P,SUCCESS
tx_509,acc_46,2025-04-14T13:07:24Z,37.34,WITHDRAWAL,SUCCESS
tx_51,acc_5,2025-05-17T21:43:13Z,376.19,WITHDRAWAL,SUCCESS
tx_510,acc_46,2025-04-21T10:26:26Z,69.51,WITHDRAWAL,SUCCESS
tx_511,acc_47,2025-05-26T00:10:34Z,86.85,DEPOSIT,SUCCESS
tx_512,acc_47,2025-04-28T02:26:35Z,224.96,P2P,SUCCESS
tx_513,acc_47,2025-05-02T14:16:03Z,119.5,DEPOSIT,SUCCESS
tx_514,acc_47,2025-05-04T20:46:46Z,45.07,P2P,SUCCESS
tx_515,acc_47,2025-05-07T12:20:34Z,244.2,DEPOSIT,SUCCESS
tx_516,acc_47,2025-04-03T20:56:54Z,242.83,P2P,SUCCESS
tx_517,acc_47,2025-04-01T21:27:46Z,47.46,DEPOSIT,SUCCESS
tx_518,acc_47,2025-04-20T16:05:53Z,82.56,WITHDRAWAL,SUCCESS
tx_519,acc_47,2025-03-10T10:13:00Z,240.89,DEPOSIT,SUCCESS
tx_52,acc_5,2025-05-22T10:45:39Z,499.56,WITHDRAWAL,SUCCESS
tx_520,acc_47,2025-03-10T08:02:32Z,79.89,DEPOSIT,SUCCESS
tx_521,acc_48,2025-05-25T04:56:45Z,126.54,WITHDRAWAL,SUCCESS
tx_522,acc_48,2025-04-24T22:59:47Z,238.5,P2P,SUCCESS
tx_523,acc_48,2025-05-07T05:35:39Z,146.61,DEPOSIT,SUCCESS
tx_524,acc_48,2025-05-15T18:47:32Z,135.49,DEPOSIT,SUCCESS
tx_525,acc_48,2025-05-19T18:31:12Z,276.26,DEPOSIT,SUCCESS
tx_526,acc_48,2025-03-20T00:58:52Z,59.84,DEPOSIT,SUCCESS
tx_527,acc_48,2025-04-07T12:55:11Z,172.99,P2P,SUCCESS
tx_528,acc_48,2025-04-08T06:44:17Z,144.52,P2P,SUCCESS
tx_529,acc_48,2025-04-08T20:17:50Z,55.14,WITHDRAWAL,FAILED
tx_53,acc_5,2025-05-06T03:10:21Z,275.52,DEPOSIT,SUCCESS
tx_530,acc_48,2025-03-31T13:46:59Z,274.01,WITHDRAWAL,SUCCESS
tx_531,acc_49,2025-05-31T05:26:34Z,55.07,DEPOSIT,SUCCESS
tx_532,acc_49,2025-05-08T18:43:29Z,178.82,P2P,SUCCESS
tx_533,acc_49,2025-05-04T13:00:05Z,195.51,DEPOSIT,SUCCESS
tx_534,acc_49,2025-05-02T01:26:38Z,238.15,P2P,SUCCESS
tx_535,acc_49,2025-05-13T16:19:41Z,52.05,WITHDRAWAL,SUCCESS
tx_536,acc_49,2025-03-12T22:56:29Z,20.16,DEPOSIT,SUCCESS
tx_537,acc_49,2025-04-16T23:51:46Z,284.92,DEPOSIT,SUCCESS
tx_538,acc_49,2025-04-16T14:58:21Z,89.32,WITHDRAWAL,SUCCESS
tx_539,acc_49,2025-03-04T05:35:48Z,45.89,DEPOSIT,SUCCESS
tx_54,acc_5,2025-05-11T17:28:43Z,261.65,P2P,FAILED
tx_540,acc_49,2025-03-23T07:02:56Z,111.2,DEPOSIT,SUCCESS
tx_541,acc_50,2025-05-25T19:14:37Z,114.26,P2P,SUCCESS
tx_542,acc_50,2025-05-13T16:26:45Z,290.94,WITHDRAWAL,SUCCESS
tx_543,acc_50,2025-05-18T15:29:13Z,41.56,P2P,SUCCESS
tx_544,acc_50,2025-05-10T22:01:26Z,33.1,WITHDRAWAL,SUCCESS
tx_545,acc_50,2025-05-23T00:52:52Z,32.56,P2P,SUCCESS
tx_546,acc_50,2025-04-16T08:40:47Z,120.57,DEPOSIT,SUCCESS
tx_547,acc_50,2025-04-04T17:03:58Z,238.83,P2P,SUCCESS
tx_548,acc_50,2025-04-10T07:37:01Z,179.78,P2P,FAILED
tx_549,acc_50,2025-04-20T11:04:11Z,59.75,DEPOSIT,SUCCESS
tx_55,acc_5,2025-05-14T01:19:13Z,159.34,DEPOSIT,SUCCESS
tx_550,acc_50,2025-03-26T03:31:44Z,27.58,DEPOSIT,SUCCESS
tx_551,acc_51,2025-05-26T21:55:06Z,89.42,DEPOSIT,SUCCESS
tx_552,acc_51,2025-04-30T22:57:29Z,231.94,WITHDRAWAL,SUCCESS
tx_553,acc_51,2025-05-21T09:01:51Z,211.98,DEPOSIT,SUCCESS
tx_554,acc_51,2025-05-09T22:45:49Z,46.8,P2P,SUCCESS
tx_555,acc_51,2025-05-07T07:38:59Z,168.3,P2P,SUCCESS
tx_556,acc_51,2025-03-29T17:32:45Z,45.91,DEPOSIT,SUCCESS
tx_557,acc_51,2025-04-07T22:43:53Z,202.18,DEPOSIT,SUCCESS
tx_558,acc_51,2025-04-10T18:25:38Z,192.55,WITHDRAWAL,SUCCESS
tx_559,acc_51,2025-04-14T07:43:15Z,291.28,P2P,SUCCESS
tx_56,acc_5,2025-05-08T10:52:18Z,172.76,WITHDRAWAL,SUCCESS
tx_560,acc_51,2025-03-26T07:18:56Z,160.35,DEPOSIT,SUCCESS
tx_561,acc_52,2025-05-30T14:35:46Z,23.83,DEPOSIT,SUCCESS
tx_562,acc_52,2025-05-01T11:06:22Z,198.19,P2P,SUCCESS
tx_563,acc_52,2025-05-09T07:52:05Z,63.18,WITHDRAWAL,SUCCESS
tx_564,acc_52,2025-04-27T01:53:43Z,278.04,DEPOSIT,SUCCESS
tx_565,acc_52,2025-04-29T08:59:25Z,34.94,DEPOSIT,SUCCESS
tx_566,acc_52,2025-04-20T19:06:15Z,165.05,DEPOSIT,SUCCESS
tx_567,acc_52,2025-03-14T15:13:10Z,207.93,P2P,SUCCESS
tx_568,acc_52,2025-03-22T12:16:28Z,203.54,DEPOSIT,SUCCESS
tx_569,acc_52,2025-03-16T23:09:54Z,58.65,DEPOSIT,SUCCESS
tx_57,acc_5,2025-04-08T01:55:45Z,115.27,WITHDRAWAL,SUCCESS
tx_570,acc_52,2025-04-05T05:07:56Z,104.21,WITHDRAWAL,FAILED
tx_571,acc_53,2025-05-26T15:24:33Z,21.92,WITHDRAWAL,SUCCESS
tx_572,acc_53,2025-04-29T04:12:00Z,198.87,DEPOSIT,SUCCESS
tx_573,acc_53,2025-04-29T21:34:21Z,188.31,WITHDRAWAL,SUCCESS
tx_574,acc_53,2025-05-24T02:45:59Z,270.15,WITHDRAWAL,SUCCESS
tx_575,acc_53,2025-05-11T12:41:08Z,34.3,P2P,SUCCESS
tx_576,acc_53,2025-04-12T01:03:45Z,99.67,DEPOSIT,SUCCESS
tx_577,acc_53,2025-03-30T16:06:20Z,72.5,DEPOSIT,SUCCESS
tx_578,acc_53,2025-04-16T13:11:52Z,273.34,P2P,SUCCESS
tx_579,acc_53,2025-04-07T02:04:17Z,143.84,DEPOSIT,SUCCESS
tx_58,acc_5,2025-04-22T17:40:16Z,103.45,DEPOSIT,SUCCESS
tx_580,acc_53,2025-03-16T11:36:31Z,123.01,DEPOSIT,SUCCESS
tx_581,acc_54,2025-05-27T22:43:50Z,229.86,WITHDRAWAL,SUCCESS
tx_582,acc_54,2025-05-02T00:31:39Z,107.44,P2P,SUCCESS
tx_583,acc_54,2025-05-06T07:06:49Z,29.71,DEPOSIT,SUCCESS
tx_584,acc_54,2025-04-28T21:43:11Z,197.57,WITHDRAWAL,SUCCESS
tx_585,acc_54,2025-05-15T21:09:54Z,193.3,WITHDRAWAL,SUCCESS
tx_586,acc_54,2025-03-29T06:01:16Z,257.03,DEPOSIT,SUCCESS
tx_587,acc_54,2025-03-18T10:31:11Z,208.82,DEPOSIT,SUCCESS
tx_588,acc_54,2025-03-19T00:32:33Z,252.48,WITHDRAWAL,SUCCESS
tx_589,acc_54,2025-03-14T02:15:54Z,131.41,WITHDRAWAL,SUCCESS
tx_59,acc_5,2025-03-07T17:55:45Z,196.95,P2P,FAILED
tx_590,acc_54,2025-04-10T19:48:20Z,152.94,WITHDRAWAL,SUCCESS
tx_591,acc_55,2025-05-28T14:56:20Z,295.93,P2P,SUCCESS
tx_592,acc_55,2025-04-30T04:57:58Z,137.28,DEPOSIT,SUCCESS
tx_593,acc_55,2025-04-30T08:45:37Z,125.81,P2P,SUCCESS
tx_594,acc_55,2025-05-03T09:10:36Z,158.14,P2P,FAILED
tx_595,acc_55,2025-05-14T12:43:23Z,212.66,WITHDRAWAL,SUCCESS
tx_596,acc_55,2025-04-16T09:39:15Z,58.74,WITHDRAWAL,SUCCESS
tx_597,acc_55,2025-04-21T14:22:31Z,91.56,P2P,SUCCESS
tx_598,acc_55,2025-03-14T15:29:29Z,144.27,DEPOSIT,SUCCESS
tx_599,acc_55,2025-04-07T09:50:07Z,180.57,DEPOSIT,SUCCESS
tx_6,acc_1,2025-04-28T19:50:11Z,146.11,P2P,FAILED
tx_60,acc_5,2025-03-18T21:53:36Z,238.7,P2P,FAILED
tx_600,acc_55,2025-04-06T10:33:17Z,133.79,WITHDRAWAL,SUCCESS
tx_601,acc_56,2025-05-27T11:04:35Z,230.57,WITHDRAWAL,SUCCESS
tx_602,acc_56,2025-05-21T20:59:25Z,135.18,DEPOSIT,SUCCESS
tx_603,acc_56,2025-05-15T05:28:07Z,281.69,DEPOSIT,SUCCESS
tx_604,acc_56,2025-05-11T05:18:26Z,49.97,P2P,SUCCESS
tx_605,acc_56,2025-05-08T14:19:37Z,171.3,DEPOSIT,SUCCESS
tx_606,acc_56,2025-04-11T04:17:48Z,219.74,DEPOSIT,SUCCESS
tx_607,acc_56,2025-03-03T21:24:59Z,111.92,DEPOSIT,SUCCESS
tx_608,acc_56,2025-03-31T11:32:25Z,156.54,DEPOSIT,SUCCESS
tx_609,acc_56,2025-03-26T21:54:53Z,69.6,DEPOSIT,SUCCESS
tx_61,acc_6,2025-05-24T08:18:01Z,301.38,WITHDRAWAL,SUCCESS
tx_610,acc_56,2025-03-07T10:01:15Z,217.58,P2P,SUCCESS
tx_611,acc_57,2025-05-30T15:29:05Z,231.69,P2P,SUCCESS
tx_612,acc_57,2025-04-26T15:32:31Z,126.2,DEPOSIT,SUCCESS
tx_613,acc_57,2025-04-27T07:51:19Z,80.3,DEPOSIT,SUCCESS
tx_614,acc_57,2025-05-01T14:52:59Z,214.61,DEPOSIT,SUCCESS
tx_615,acc_57,2025-05-01T11:16:23Z,36.95,WITHDRAWAL,SUCCESS
tx_616,acc_57,2025-04-19T17:11:09Z,246.83,P2P,SUCCESS
tx_617,acc_57,2025-03-07T22:12:50Z,213.65,P2P,SUCCESS
tx_618,acc_57,2025-03-10T20:06:27Z,212.6,DEPOSIT,SUCCESS
tx_619,acc_57,2025-03-14T07:52:14Z,102.66,DEPOSIT,SUCCESS
tx_62,acc_6,2025-05-20T01:32:01Z,332.92,DEPOSIT,SUCCESS
tx_620,acc_57,2025-04-04T14:49:15Z,235.82,P2P,SUCCESS
tx_621,acc_58,2025-05-31T12:37:40Z,103.53,P2P,SUCCESS
tx_622,acc_58,2025-05-17T09:04:35Z,234.2,DEPOSIT,SUCCESS
tx_623,acc_58,2025-04-25T07:14:59Z,163.94,DEPOSIT,SUCCESS
tx_624,acc_58,2025-05-20T07:58:06Z,257.42,DEPOSIT,SUCCESS
tx_625,acc_58,2025-05-20T23:40:02Z,227.87,WITHDRAWAL,SUCCESS
tx_626,acc_58,2025-03-28T13:05:58Z,64.24,WITHDRAWAL,SUCCESS
tx_627,acc_58,2025-04-05T12:14:21Z,79.11,DEPOSIT,SUCCESS
tx_628,acc_58,2025-03-06T07:22:27Z,292.76,P2P,SUCCESS
tx_629,acc_58,2025-04-17T05:42:05Z,24.34,DEPOSIT,SUCCESS
tx_63,acc_6,2025-05-23T15:22:22Z,190.62,DEPOSIT,SUCCESS
tx_630,acc_58,2025-04-12T13:03:37Z,130.51,WITHDRAWAL,SUCCESS
tx_631,acc_59,2025-05-25T14:02:33Z,49.56,P2P,SUCCESS
tx_632,acc_59,2025-05-05T09:20:06Z,257.82,DEPOSIT,SUCCESS
tx_633,acc_59,2025-05-17T12:51:56Z,233.78,P2P,SUCCESS
tx_634,acc_59,2025-05-08T06:53:38Z,92.19,WITHDRAWAL,SUCCESS
tx_635,acc_59,2025-05-22T03:21:43Z,120.0,P2P,SUCCESS
tx_636,acc_59,2025-04-08T23:11:19Z,279.2,DEPOSIT,SUCCESS
tx_637,acc_59,2025-03-04T02:12:48Z,221.34,P2P,SUCCESS
tx_638,acc_59,2025-04-08T07:43:10Z,122.87,WITHDRAWAL,SUCCESS
tx_639,acc_59,2025-04-02T12:41:53Z,25.09,P2P,SUCCESS
tx_64,acc_6,2025-05-18T21:50:26Z,383.0,WITHDRAWAL,SUCCESS
tx_640,acc_59,2025-04-06T23:21:30Z,222.36,WITHDRAWAL,SUCCESS
tx_641,acc_60,2025-05-31T18:30:07Z,265.23,P2P,SUCCESS
tx_642,acc_60,2025-05-05T12:23:15Z,258.34,DEPOSIT,SUCCESS
tx_643,acc_60,2025-05-17T15:08:32Z,276.72,P2P,SUCCESS
tx_644,acc_60,2025-05-23T09:46:12Z,107.48,DEPOSIT,SUCCESS
tx_645,acc_60,2025-05-06T08:02:43Z,156.76,P2P,SUCCESS
tx_646,acc_60,2025-03-14T10:56:44Z,216.81,DEPOSIT,SUCCESS
tx_647,acc_60,2025-03-16T10:40:56Z,187.57,WITHDRAWAL,SUCCESS
tx_648,acc_60,2025-04-12T08:55:15Z,151.5,DEPOSIT,SUCCESS
tx_649,acc_60,2025-04-21T01:46:58Z,51.32,P2P,SUCCESS
tx_65,acc_6,2025-05-09T10:34:04Z,201.82,WITHDRAWAL,SUCCESS
tx_650,acc_60,2025-04-19T00:34:41Z,260.58,WITHDRAWAL,SUCCESS
tx_651,acc_61,2025-05-29T01:59:56Z,181.12,WITHDRAWAL,SUCCESS
tx_652,acc_61,2025-05-17T14:00:20Z,176.09,WITHDRAWAL,SUCCESS
tx_653,acc_61,2025-05-23T05:16:28Z,45.77,P2P,FAILED
tx_654,acc_61,2025-05-01T01:00:25Z,70.31,DEPOSIT,SUCCESS
tx_655,acc_61,2025-04-30T20:56:26Z,52.48,P2P,SUCCESS
tx_656,acc_61,2025-03-17T00:26:11Z,244.61,DEPOSIT,FAILED
tx_657,acc_61,2025-04-11T15:09:47Z,206.37,DEPOSIT,SUCCESS
tx_658,acc_61,2025-03-10T12:59:30Z,132.86,DEPOSIT,SUCCESS
tx_659,acc_61,2025-03-02T15:23:56Z,134.78,WITHDRAWAL,SUCCESS
tx_66,acc_6,2025-04-27T20:16:19Z,165.82,P2P,FAILED
tx_660,acc_61,2025-03-23T15:45:35Z,23.22,P2P,SUCCESS
tx_661,acc_62,2025-05-27T19:16:09Z,283.53,WITHDRAWAL,SUCCESS
tx_662,acc_62,2025-05-11T17:30:33Z,148.83,DEPOSIT,SUCCESS
tx_663,acc_62,2025-04-27T07:21:57Z,210.28,DEPOSIT,SUCCESS
tx_664,acc_62,2025-05-07T07:24:52Z,266.31,WITHDRAWAL,SUCCESS
tx_665,acc_62,2025-05-01T21:07:17Z,276.45,DEPOSIT,SUCCESS
tx_666,acc_62,2025-04-05T11:36:17Z,63.45,DEPOSIT,SUCCESS
tx_667,acc_62,2025-03-26T22:37:19Z,67.5,DEPOSIT,SUCCESS
tx_668,acc_62,2025-03-30T03:41:36Z,139.23,WITHDRAWAL,FAILED
tx_669,acc_62,2025-04-16T16:25:22Z,187.01,P2P,SUCCESS
tx_67,acc_6,2025-04-28T20:56:20Z,105.18,P2P,FAILED
tx_670,acc_62,2025-04-17T13:18:58Z,31.14,DEPOSIT,SUCCESS
tx_671,acc_63,2025-05-31T19:03:05Z,125.73,WITHDRAWAL,SUCCESS
tx_672,acc_63,2025-05-07T08:41:03Z,299.49,DEPOSIT,SUCCESS
tx_673,acc_63,2025-05-12T16:08:05Z,272.55,P2P,SUCCESS
tx_674,acc_63,2025-05-19T08:11:49Z,41.43,DEPOSIT,FAILED
tx_675,acc_63,2025-05-10T05:08:14Z,135.78,WITHDRAWAL,SUCCESS
tx_676,acc_63,2025-03-05T04:52:34Z,192.71,P2P,SUCCESS
tx_677,acc_63,2025-03-31T05:17:31Z,180.84,WITHDRAWAL,SUCCESS
tx_678,acc_63,2025-03-26T15:45:41Z,233.02,P2P,SUCCESS
tx_679,acc_63,2025-03-04T07:52:31Z,247.56,P2P,SUCCESS
tx_68,acc_6,2025-05-06T08:26:27Z,32.76,WITHDRAWAL,SUCCESS
tx_680,acc_63,2025-03-12T08:02:23Z,232.47,WITHDRAWAL,SUCCESS
tx_681,acc_64,2025-05-29T18:08:14Z,125.59,WITHDRAWAL,SUCCESS
tx_682,acc_64,2025-05-21T08:45:41Z,97.15,DEPOSIT,SUCCESS
tx_683,acc_64,2025-05-19T06:13:54Z,78.6,DEPOSIT,SUCCESS
tx_684,acc_64,2025-05-18T22:52:47Z,250.0,P2P,SUCCESS
tx_685,acc_64,2025-04-24T16:26:24Z,157.84,WITHDRAWAL,SUCCESS
tx_686,acc_64,2025-04-14T02:50:00Z,37.04,P2P,SUCCESS
tx_687,acc_64,2025-03-29T18:57:14Z,45.73,P2P,SUCCESS
tx_688,acc_64,2025-04-23T14:08:42Z,221.47,P2P,SUCCESS
tx_689,acc_64,2025-04-09T12:29:23Z,235.83,DEPOSIT,SUCCESS
tx_69,acc_6,2025-04-13T07:25:50Z,267.53,WITHDRAWAL,SUCCESS
tx_690,acc_64,2025-03-03T11:48:35Z,147.83,P2P,SUCCESS
tx_691,acc_65,2025-06-01T07:26:36Z,32.12,DEPOSIT,SUCCESS
tx_692,acc_65,2025-05-20T20:03:42Z,228.17,P2P,SUCCESS
tx_693,acc_65,2025-05-07T00:12:02Z,77.74,DEPOSIT,SUCCESS
tx_694,acc_65,2025-05-14T00:09:49Z,91.24,DEPOSIT,SUCCESS
tx_695,acc_65,2025-04-28T08:30:30Z,284.66,WITHDRAWAL,SUCCESS
tx_696,acc_65,2025-04-22T18:21:10Z,117.75,DEPOSIT,SUCCESS
tx_697,acc_65,2025-03-30T16:02:18Z,46.09,P2P,SUCCESS
tx_698,acc_65,2025-03-02T18:09:38Z,60.87,P2P,SUCCESS
tx_699,acc_65,2025-03-16T14:55:34Z,206.14,P2P,SUCCESS
tx_7,acc_1,2025-05-04T05:22:22Z,120.23,WITHDRAWAL,SUCCESS
tx_70,acc_6,2025-04-21T16:32:18Z,220.21,WITHDRAWAL,SUCCESS
tx_700,acc_65,2025-03-24T19:26:39Z,169.61,WITHDRAWAL,FAILED
tx_701,acc_66,2025-05-29T11:34:54Z,250.45,WITHDRAWAL,SUCCESS
tx_702,acc_66,2025-04-26T02:15:51Z,158.76,DEPOSIT,SUCCESS
tx_703,acc_66,2025-05-17T20:22:20Z,120.21,P2P,SUCCESS
tx_704,acc_66,2025-04-30T23:29:21Z,120.41,WITHDRAWAL,SUCCESS
tx_705,acc_66,2025-05-19T02:12:39Z,220.25,WITHDRAWAL,SUCCESS
tx_706,acc_66,2025-03-21T19:33:43Z,287.45,DEPOSIT,SUCCESS
tx_707,acc_66,2025-03-26T12:25:09Z,66.16,WITHDRAWAL,SUCCESS
tx_708,acc_66,2025-03-25T09:00:43Z,298.17,WITHDRAWAL,SUCCESS
tx_709,acc_66,2025-04-06T05:28:00Z,191.35,WITHDRAWAL,SUCCESS
tx_71,acc_6,2025-03-26T06:22:28Z,291.25,WITHDRAWAL,FAILED
tx_710,acc_66,2025-03-03T09:53:52Z,197.18,DEPOSIT,SUCCESS
tx_711,acc_67,2025-05-25T11:46:10Z,118.42,DEPOSIT,SUCCESS
tx_712,acc_67,2025-05-01T18:17:37Z,280.48,WITHDRAWAL,SUCCESS
tx_713,acc_67,2025-04-24T18:26:41Z,120.35,DEPOSIT,SUCCESS
tx_714,acc_67,2025-05-06T18:16:29Z,163.27,WITHDRAWAL,SUCCESS
tx_715,acc_67,2025-05-12T05:28:11Z,169.11,DEPOSIT,SUCCESS
tx_716,acc_67,2025-04-07T08:13:05Z,294.53,P2P,SUCCESS
tx_717,acc_67,2025-03-19T18:16:34Z,276.98,P2P,SUCCESS
tx_718,acc_67,2025-03-09T15:15:11Z,218.79,WITHDRAWAL,SUCCESS
tx_719,acc_67,2025-03-06T16:44:37Z,243.98,DEPOSIT,SUCCESS
tx_72,acc_6,2025-04-06T01:18:56Z,273.09,P2P,SUCCESS
tx_720,acc_67,2025-03-23T03:00:13Z,113.53,P2P,SUCCESS
tx_721,acc_68,2025-05-30T07:53:37Z,237.85,DEPOSIT,FAILED
tx_722,acc_68,2025-05-12T12:34:09Z,122.33,WITHDRAWAL,SUCCESS
tx_723,acc_68,2025-05-04T14:58:06Z,266.67,P2P,SUCCESS
tx_724,acc_68,2025-05-17T03:32:09Z,176.31,WITHDRAWAL,SUCCESS
tx_725,acc_68,2025-04-26T18:08:58Z,111.01,P2P,SUCCESS
tx_726,acc_68,2025-03-16T12:52:55Z,105.99,P2P,SUCCESS
tx_727,acc_68,2025-04-04T20:01:29Z,62.87,DEPOSIT,SUCCESS
tx_728,acc_68,2025-03-31T16:05:40Z,182.8,WITHDRAWAL,SUCCESS
tx_729,acc_68,2025-04-11T23:18:16Z,57.76,P2P,SUCCESS
tx_73,acc_7,2025-05-18T15:25:05Z,508.72,DEPOSIT,SUCCESS
tx_730,acc_68,2025-03-19T00:23:47Z,154.09,DEPOSIT,SUCCESS
tx_731,acc_69,2025-05-27T01:32:46Z,146.38,P2P,SUCCESS
tx_732,acc_69,2025-04-27T08:57:20Z,218.3,P2P,SUCCESS
tx_733,acc_69,2025-05-15T16:30:09Z,105.01,DEPOSIT,SUCCESS
tx_734,acc_69,2025-05-07T18:54:30Z,25.95,DEPOSIT,SUCCESS
tx_735,acc_69,2025-05-14T04:20:48Z,181.27,P2P,SUCCESS
tx_736,acc_69,2025-03-28T23:38:34Z,221.42,P2P,SUCCESS
tx_737,acc_69,2025-04-06T18:15:50Z,189.55,WITHDRAWAL,SUCCESS
tx_738,acc_69,2025-03-14T18:44:12Z,139.84,P2P,SUCCESS
tx_739,acc_69,2025-04-23T12:53:37Z,142.42,P2P,SUCCESS
tx_74,acc_7,2025-05-22T18:58:39Z,221.86,WITHDRAWAL,SUCCESS
tx_740,acc_69,2025-03-24T01:47:23Z,278.88,DEPOSIT,SUCCESS
tx_741,acc_70,2025-05-28T19:22:56Z,239.68,P2P,SUCCESS
tx_742,acc_70,2025-05-22T17:21:14Z,240.86,P2P,SUCCESS
tx_743,acc_70,2025-05-03T11:21:18Z,209.05,P2P,SUCCESS
tx_744,acc_70,2025-05-20T19:43:35Z,265.29,WITHDRAWAL,SUCCESS
tx_745,acc_70,2025-05-06T03:01:23Z,255.39,WITHDRAWAL,SUCCESS
tx_746,acc_70,2025-04-05T04:40:34Z,295.48,WITHDRAWAL,SUCCESS
tx_747,acc_70,2025-04-24T01:16:53Z,246.62,WITHDRAWAL,SUCCESS
tx_748,acc_70,2025-03-24T04:14:59Z,133.19,WITHDRAWAL,SUCCESS
tx_749,acc_70,2025-04-08T02:03:25Z,137.2,P2P,SUCCESS
tx_75,acc_7,2025-05-20T07:43:11Z,470.47,WITHDRAWAL,SUCCESS
tx_750,acc_70,2025-03-12T15:00:03Z,167.17,WITHDRAWAL,SUCCESS
tx_751,acc_71,2025-05-29T23:56:17Z,142.22,DEPOSIT,SUCCESS
tx_752,acc_71,2025-05-08T17:44:10Z,287.74,DEPOSIT,SUCCESS
tx_753,acc_71,2025-05-21T23:59:47Z,75.64,P2P,SUCCESS
tx_754,acc_71,2025-05-09T22:10:52Z,126.4,P2P,SUCCESS
tx_755,acc_71,2025-05-18T05:38:44Z,81.36,DEPOSIT,SUCCESS
tx_756,acc_71,2025-04-17T00:15:46Z,22.32,P2P,SUCCESS
tx_757,acc_71,2025-04-13T17:14:53Z,121.23,P2P,SUCCESS
tx_758,acc_71,2025-03-16T15:01:16Z,145.46,DEPOSIT,SUCCESS
tx_759,acc_71,2025-03-28T02:04:57Z,233.02,DEPOSIT,SUCCESS
tx_76,acc_7,2025-05-22T16:35:03Z,516.13,P2P,FAILED
tx_760,acc_71,2025-03-24T09:15:39Z,126.97,WITHDRAWAL,SUCCESS
tx_761,acc_72,2025-05-25T12:10:51Z,204.54,P2P,SUCCESS
tx_762,acc_72,2025-05-20T22:14:38Z,32.13,P2P,SUCCESS
tx_763,acc_72,2025-05-03T09:13:22Z,172.74,P2P,SUCCESS
tx_764,acc_72,2025-05-01T16:11:54Z,285.72,WITHDRAWAL,SUCCESS
tx_765,acc_72,2025-05-19T18:45:51Z,151.0,DEPOSIT,SUCCESS
tx_766,acc_72,2025-04-15T17:46:59Z,53.97,WITHDRAWAL,SUCCESS
tx_767,acc_72,2025-04-15T23:27:44Z,251.38,DEPOSIT,SUCCESS
tx_768,acc_72,2025-04-22T23:12:25Z,122.51,P2P,SUCCESS
tx_769,acc_72,2025-03-23T05:25:09Z,264.76,DEPOSIT,FAILED
tx_77,acc_7,2025-05-02T21:59:35Z,281.08,P2P,FAILED
tx_770,acc_72,2025-04-19T23:15:14Z,267.54,DEPOSIT,SUCCESS
tx_771,acc_73,2025-05-28T07:49:23Z,228.08,WITHDRAWAL,SUCCESS
tx_772,acc_73,2025-05-10T18:32:49Z,140.73,DEPOSIT,SUCCESS
tx_773,acc_73,2025-05-18T17:56:17Z,112.27,P2P,SUCCESS
tx_774,acc_73,2025-05-18T16:01:35Z,90.06,DEPOSIT,SUCCESS
tx_775,acc_73,2025-05-17T11:41:35Z,101.95,WITHDRAWAL,SUCCESS
tx_776,acc_73,2025-04-01T12:40:14Z,88.69,WITHDRAWAL,SUCCESS
tx_777,acc_73,2025-03-18T20:09:35Z,95.0,DEPOSIT,SUCCESS
tx_778,acc_73,2025-03-10T22:09:10Z,60.61,WITHDRAWAL,SUCCESS
tx_779,acc_73,2025-03-10T01:00:16Z,230.55,DEPOSIT,SUCCESS
tx_78,acc_7,2025-05-10T02:35:05Z,26.67,DEPOSIT,SUCCESS
tx_780,acc_73,2025-03-28T16:09:08Z,99.0,WITHDRAWAL,SUCCESS
tx_781,acc_74,2025-05-24T18:51:07Z,262.9,WITHDRAWAL,SUCCESS
tx_782,acc_74,2025-04-25T14:06:35Z,182.19,P2P,SUCCESS
tx_783,acc_74,2025-04-26T04:47:15Z,21.2,WITHDRAWAL,SUCCESS
tx_784,acc_74,2025-05-04T10:47:35Z,81.71,DEPOSIT,SUCCESS
tx_785,acc_74,2025-05-23T11:04:56Z,299.73,DEPOSIT,SUCCESS
tx_786,acc_74,2025-03-08T09:12:12Z,143.42,P2P,SUCCESS
tx_787,acc_74,2025-03-29T03:46:21Z,48.47,WITHDRAWAL,SUCCESS
tx_788,acc_74,2025-03-27T20:54:54Z,218.87,DEPOSIT,SUCCESS
tx_789,acc_74,2025-03-28T00:03:35Z,199.56,DEPOSIT,SUCCESS
tx_79,acc_7,2025-05-04T16:32:44Z,73.42,WITHDRAWAL,SUCCESS
tx_790,acc_74,2025-03-18T10:48:30Z,250.53,DEPOSIT,SUCCESS
tx_791,acc_75,2025-05-25T00:23:18Z,285.93,P2P,SUCCESS
tx_792,acc_75,2025-05-18T08:22:11Z,188.81,P2P,SUCCESS
tx_793,acc_75,2025-05-05T14:54:26Z,59.03,DEPOSIT,SUCCESS
tx_794,acc_75,2025-05-02T11:29:32Z,198.0,DEPOSIT,SUCCESS
tx_795,acc_75,2025-04-27T08:39:04Z,111.16,DEPOSIT,SUCCESS
tx_796,acc_75,2025-04-22T03:16:22Z,184.08,WITHDRAWAL,SUCCESS
tx_797,acc_75,2025-03-07T07:48:00Z,173.36,WITHDRAWAL,SUCCESS
tx_798,acc_75,2025-03-05T12:45:20Z,197.09,WITHDRAWAL,SUCCESS
tx_799,acc_75,2025-03-30T07:41:58Z,247.92,P2P,FAILED
tx_8,acc_1,2025-05-12T19:30:49Z,117.89,WITHDRAWAL,SUCCESS
tx_80,acc_7,2025-05-01T14:14:42Z,190.22,DEPOSIT,SUCCESS
tx_800,acc_75,2025-03-05T12:28:30Z,184.37,P2P,SUCCESS
tx_801,acc_76,2025-06-01T08:19:53Z,159.84,P2P,SUCCESS
tx_802,acc_76,2025-05-04T00:52:00Z,152.68,P2P,SUCCESS
tx_803,acc_76,2025-05-15T13:34:46Z,30.73,P2P,SUCCESS
tx_804,acc_76,2025-05-07T11:19:30Z,243.74,P2P,FAILED
tx_805,acc_76,2025-04-28T03:33:09Z,258.56,DEPOSIT,SUCCESS
tx_806,acc_76,2025-04-12T19:08:57Z,149.22,DEPOSIT,SUCCESS
tx_807,acc_76,2025-03-20T01:10:58Z,148.59,P2P,SUCCESS
tx_808,acc_76,2025-03-29T03:48:42Z,247.86,DEPOSIT,FAILED
tx_809,acc_76,2025-03-19T07:15:09Z,55.07,DEPOSIT,SUCCESS
tx_81,acc_7,2025-03-27T05:21:00Z,138.61,P2P,FAILED
tx_810,acc_76,2025-04-01T13:13:12Z,177.85,WITHDRAWAL,SUCCESS
tx_811,acc_77,2025-05-31T06:57:59Z,67.36,P2P,SUCCESS
tx_812,acc_77,2025-05-08T18:03:06Z,137.14,DEPOSIT,SUCCESS
tx_813,acc_77,2025-05-02T08:38:26Z,251.24,DEPOSIT,SUCCESS
tx_814,acc_77,2025-05-15T08:55:35Z,113.36,WITHDRAWAL,SUCCESS
tx_815,acc_77,2025-04-28T15:15:11Z,80.02,P2P,SUCCESS
tx_816,acc_77,2025-03-14T01:27:06Z,112.17,WITHDRAWAL,SUCCESS
tx_817,acc_77,2025-03-20T07:06:45Z,244.95,P2P,SUCCESS
tx_818,acc_77,2025-04-16T10:22:33Z,251.12,P2P,SUCCESS
tx_819,acc_77,2025-03-25T18:54:47Z,270.45,WITHDRAWAL,SUCCESS
tx_82,acc_7,2025-04-19T10:21:20Z,270.76,DEPOSIT,SUCCESS
tx_820,acc_77,2025-03-18T18:38:17Z,208.3,P2P,SUCCESS
tx_821,acc_78,2025-05-26T08:15:06Z,158.18,DEPOSIT,SUCCESS
tx_822,acc_78,2025-05-12T01:37:55Z,35.89,WITHDRAWAL,SUCCESS
tx_823,acc_78,2025-05-11T15:55:00Z,288.98,WITHDRAWAL,SUCCESS
tx_824,acc_78,2025-05-02T02:01:28Z,100.5,WITHDRAWAL,SUCCESS
tx_825,acc_78,2025-05-06T23:42:02Z,269.55,WITHDRAWAL,SUCCESS
tx_826,acc_78,2025-04-22T13:51:04Z,93.69,DEPOSIT,SUCCESS
tx_827,acc_78,2025-03-15T07:33:05Z,103.05,P2P,SUCCESS
tx_828,acc_78,2025-04-10T13:14:58Z,170.79,WITHDRAWAL,SUCCESS
tx_829,acc_78,2025-03-11T18:46:04Z,76.14,P2P,SUCCESS
tx_83,acc_7,2025-03-11T08:14:06Z,173.09,P2P,SUCCESS
tx_830,acc_78,2025-04-06T01:42:18Z,254.07,WITHDRAWAL,SUCCESS
tx_831,acc_79,2025-05-31T02:17:23Z,26.26,DEPOSIT,SUCCESS
tx_832,acc_79,2025-05-06T13:05:26Z,31.26,DEPOSIT,SUCCESS
tx_833,acc_79,2025-04-30T09:37:06Z,239.99,DEPOSIT,SUCCESS
tx_834,acc_79,2025-05-12T13:11:49Z,69.4,DEPOSIT,SUCCESS
tx_835,acc_79,2025-05-17T05:15:36Z,111.78,DEPOSIT,SUCCESS
tx_836,acc_79,2025-03-22T09:55:41Z,83.48,DEPOSIT,SUCCESS
tx_837,acc_79,2025-03-20T23:38:30Z,65.15,DEPOSIT,SUCCESS
tx_838,acc_79,2025-03-03T09:16:17Z,49.03,WITHDRAWAL,SUCCESS
tx_839,acc_79,2025-03-08T22:50:16Z,189.5,DEPOSIT,SUCCESS
tx_84,acc_7,2025-03-14T10:55:46Z,146.74,P2P,SUCCESS
tx_840,acc_79,2025-03-28T00:44:22Z,145.12,P2P,SUCCESS
tx_841,acc_80,2025-05-29T00:43:44Z,237.0,P2P,SUCCESS
tx_842,acc_80,2025-05-20T23:15:57Z,276.93,DEPOSIT,SUCCESS
tx_843,acc_80,2025-05-24T03:03:48Z,58.31,WITHDRAWAL,SUCCESS
tx_844,acc_80,2025-05-17T19:14:19Z,33.43,DEPOSIT,SUCCESS
tx_845,acc_80,2025-05-15T23:19:23Z,250.95,P2P,SUCCESS
tx_846,acc_80,2025-03-11T15:25:29Z,88.68,DEPOSIT,SUCCESS
tx_847,acc_80,2025-04-08T09:12:05Z,82.37,P2P,SUCCESS
tx_848,acc_80,2025-04-23T16:27:55Z,281.11,WITHDRAWAL,SUCCESS
tx_849,acc_80,2025-03-30T03:50:19Z,89.23,DEPOSIT,SUCCESS
tx_85,acc_8,2025-05-18T15:34:38Z,256.88,WITHDRAWAL,SUCCESS
tx_850,acc_80,2025-03-27T18:00:38Z,94.93,WITHDRAWAL,SUCCESS
tx_851,acc_81,2025-05-27T11:23:37Z,188.97,P2P,SUCCESS
tx_852,acc_81,2025-04-25T04:25:07Z,45.97,WITHDRAWAL,SUCCESS
tx_853,acc_81,2025-05-06T16:37:52Z,91.81,DEPOSIT,SUCCESS
tx_854,acc_81,2025-04-28T06:12:20Z,160.24,WITHDRAWAL,SUCCESS
tx_855,acc_81,2025-04-30T11:35:30Z,259.89,WITHDRAWAL,SUCCESS
tx_856,acc_81,2025-04-21T08:08:34Z,227.46,WITHDRAWAL,SUCCESS
tx_857,acc_81,2025-04-21T17:50:21Z,126.0,DEPOSIT,SUCCESS
tx_858,acc_81,2025-03-31T10:48:01Z,188.35,P2P,SUCCESS
tx_859,acc_81,2025-03-24T22:39:04Z,189.05,WITHDRAWAL,SUCCESS
tx_86,acc_8,2025-05-20T02:21:51Z,445.29,WITHDRAWAL,SUCCESS
tx_860,acc_81,2025-03-13T05:19:03Z,162.58,P2P,SUCCESS
tx_861,acc_82,2025-05-25T13:48:06Z,221.88,DEPOSIT,SUCCESS
tx_862,acc_82,2025-05-13T00:14:05Z,229.44,WITHDRAWAL,SUCCESS
tx_863,acc_82,2025-05-11T09:27:55Z,56.14,DEPOSIT,SUCCESS
tx_864,acc_82,2025-05-16T00:27:53Z,250.32,WITHDRAWAL,FAILED
tx_865,acc_82,2025-05-24T00:37:29Z,116.08,DEPOSIT,SUCCESS
tx_866,acc_82,2025-03-29T04:36:53Z,228.82,P2P,SUCCESS
tx_867,acc_82,2025-03-15T00:06:13Z,167.43,P2P,SUCCESS
tx_868,acc_82,2025-04-04T14:48:10Z,96.4,DEPOSIT,SUCCESS
tx_869,acc_82,2025-03-27T14:33:44Z,149.7,DEPOSIT,SUCCESS
tx_87,acc_8,2025-05-23T03:22:43Z,494.6,WITHDRAWAL,SUCCESS
tx_870,acc_82,2025-04-11T00:18:41Z,130.94,DEPOSIT,SUCCESS
tx_871,acc_83,2025-05-28T00:27:40Z,155.52,WITHDRAWAL,SUCCESS
tx_872,acc_83,2025-05-13T21:04:39Z,189.71,DEPOSIT,SUCCESS
tx_873,acc_83,2025-04-27T05:11:15Z,60.89,WITHDRAWAL,SUCCESS
tx_874,acc_83,2025-05-02T08:55:54Z,219.67,WITHDRAWAL,SUCCESS
tx_875,acc_83,2025-05-10T12:15:12Z,218.38,DEPOSIT,SUCCESS
tx_876,acc_83,2025-04-13T01:01:53Z,277.1,WITHDRAWAL,SUCCESS
tx_877,acc_83,2025-04-20T01:10:55Z,222.82,DEPOSIT,SUCCESS
tx_878,acc_83,2025-03-11T12:31:18Z,245.05,DEPOSIT,SUCCESS
tx_879,acc_83,2025-03-20T17:21:59Z,174.54,WITHDRAWAL,SUCCESS
tx_88,acc_8,2025-05-17T23:36:30Z,436.74,DEPOSIT,SUCCESS
tx_880,acc_83,2025-04-15T19:00:47Z,239.81,DEPOSIT,SUCCESS
tx_881,acc_84,2025-05-26T06:36:58Z,217.19,DEPOSIT,SUCCESS
tx_882,acc_84,2025-05-17T22:49:31Z,236.19,DEPOSIT,SUCCESS
tx_883,acc_84,2025-05-12T08:18:19Z,152.18,DEPOSIT,SUCCESS
tx_884,acc_84,2025-05-03T16:00:24Z,133.74,DEPOSIT,SUCCESS
tx_885,acc_84,2025-05-05T18:22:05Z,135.7,DEPOSIT,SUCCESS
tx_886,acc_84,2025-04-15T19:38:12Z,36.79,DEPOSIT,SUCCESS
tx_887,acc_84,2025-04-05T19:25:26Z,159.45,P2P,SUCCESS
tx_888,acc_84,2025-03-20T06:19:06Z,170.58,P2P,SUCCESS
tx_889,acc_84,2025-04-10T20:26:49Z,256.72,DEPOSIT,SUCCESS
tx_89,acc_8,2025-05-14T00:37:11Z,212.73,WITHDRAWAL,SUCCESS
tx_890,acc_84,2025-03-05T19:04:13Z,60.26,DEPOSIT,SUCCESS
tx_891,acc_85,2025-05-26T20:26:09Z,223.31,WITHDRAWAL,SUCCESS
tx_892,acc_85,2025-05-14T22:16:27Z,123.19,WITHDRAWAL,SUCCESS
tx_893,acc_85,2025-05-13T09:41:55Z,87.01,WITHDRAWAL,SUCCESS
tx_894,acc_85,2025-05-13T23:11:37Z,144.68,WITHDRAWAL,SUCCESS
tx_895,acc_85,2025-04-24T23:02:50Z,279.0,WITHDRAWAL,FAILED
tx_896,acc_85,2025-03-19T10:27:25Z,179.73,DEPOSIT,SUCCESS
tx_897,acc_85,2025-04-23T13:06:03Z,100.78,WITHDRAWAL,SUCCESS
tx_898,acc_85,2025-04-04T07:31:43Z,279.3,DEPOSIT,SUCCESS
tx_899,acc_85,2025-03-18T03:36:41Z,26.63,P2P,SUCCESS
tx_9,acc_1,2025-04-15T02:29:38Z,149.36,P2P,SUCCESS
tx_90,acc_8,2025-05-05T10:02:35Z,279.6,P2P,SUCCESS
tx_900,acc_85,2025-03-29T09:38:57Z,293.23,DEPOSIT,SUCCESS
tx_901,acc_86,2025-05-28T05:21:13Z,194.71,DEPOSIT,SUCCESS
tx_902,acc_86,2025-05-16T14:40:10Z,140.86,WITHDRAWAL,SUCCESS
tx_903,acc_86,2025-05-09T01:35:28Z,272.94,DEPOSIT,SUCCESS
tx_904,acc_86,2025-05-17T09:19:25Z,267.84,P2P,SUCCESS
tx_905,acc_86,2025-05-17T12:00:26Z,290.44,WITHDRAWAL,SUCCESS
tx_906,acc_86,2025-03-29T19:59:44Z,41.29,P2P,SUCCESS
tx_907,acc_86,2025-03-24T07:49:43Z,130.61,DEPOSIT,SUCCESS
tx_908,acc_86,2025-04-15T11:08:01Z,83.39,DEPOSIT,SUCCESS
tx_909,acc_86,2025-04-10T00:07:37Z,94.24,P2P,SUCCESS
tx_91,acc_8,2025-05-06T15:55:37Z,100.28,WITHDRAWAL,SUCCESS
tx_910,acc_86,2025-03-25T03:12:49Z,165.79,P2P,SUCCESS
tx_911,acc_87,2025-05-30T05:08:25Z,276.04,P2P,SUCCESS
tx_912,acc_87,2025-05-21T09:23:17Z,266.31,DEPOSIT,SUCCESS
tx_913,acc_87,2025-04-25T20:24:39Z,119.26,WITHDRAWAL,SUCCESS
tx_914,acc_87,2025-05-12T18:46:32Z,128.7,DEPOSIT,SUCCESS
tx_915,acc_87,2025-05-18T11:36:24Z,150.4,P2P,SUCCESS
tx_916,acc_87,2025-04-16T00:52:23Z,295.94,DEPOSIT,SUCCESS
tx_917,acc_87,2025-04-04T09:30:45Z,230.98,DEPOSIT,SUCCESS
tx_918,acc_87,2025-03-08T22:12:15Z,229.2,P2P,SUCCESS
tx_919,acc_87,2025-03-30T20:20:55Z,72.46,WITHDRAWAL,SUCCESS
tx_92,acc_8,2025-05-13T07:27:48Z,98.77,WITHDRAWAL,SUCCESS
tx_920,acc_87,2025-03-31T03:09:27Z,66.84,DEPOSIT,SUCCESS
tx_921,acc_88,2025-05-29T14:13:11Z,68.88,P2P,SUCCESS
tx_922,acc_88,2025-05-08T12:09:22Z,22.97,DEPOSIT,SUCCESS
tx_923,acc_88,2025-04-29T11:43:24Z,94.27,P2P,SUCCESS
tx_924,acc_88,2025-05-24T00:00:49Z,165.08,WITHDRAWAL,SUCCESS
tx_925,acc_88,2025-05-09T00:29:39Z,149.03,P2P,SUCCESS
tx_926,acc_88,2025-04-08T22:10:44Z,283.88,DEPOSIT,SUCCESS
tx_927,acc_88,2025-04-04T13:14:05Z,168.99,DEPOSIT,SUCCESS
tx_928,acc_88,2025-04-16T13:05:39Z,299.61,WITHDRAWAL,SUCCESS
tx_929,acc_88,2025-03-25T12:48:20Z,264.24,WITHDRAWAL,SUCCESS
tx_93,acc_8,2025-03-19T00:24:28Z,239.42,P2P,FAILED
tx_930,acc_88,2025-04-13T18:24:48Z,23.95,P2P,SUCCESS
tx_931,acc_89,2025-05-28T20:39:44Z,227.81,P2P,SUCCESS
tx_932,acc_89,2025-04-27T05:43:16Z,131.82,DEPOSIT,SUCCESS
tx_933,acc_89,2025-05-01T05:01:35Z,282.56,WITHDRAWAL,SUCCESS
tx_934,acc_89,2025-05-08T14:03:16Z,289.34,DEPOSIT,SUCCESS
tx_935,acc_89,2025-05-04T20:11:50Z,226.39,P2P,SUCCESS
tx_936,acc_89,2025-03-15T01:14:42Z,211.47,DEPOSIT,SUCCESS
tx_937,acc_89,2025-03-29T23:06:37Z,84.63,WITHDRAWAL,FAILED
tx_938,acc_89,2025-04-19T22:12:19Z,60.26,DEPOSIT,SUCCESS
tx_939,acc_89,2025-04-16T08:11:42Z,87.73,P2P,FAILED
tx_94,acc_8,2025-04-04T03:50:51Z,191.65,DEPOSIT,SUCCESS
tx_940,acc_89,2025-04-12T18:23:26Z,57.3,DEPOSIT,SUCCESS
tx_941,acc_90,2025-05-28T18:34:09Z,89.55,DEPOSIT,SUCCESS
tx_942,acc_90,2025-05-03T16:37:44Z,151.72,DEPOSIT,SUCCESS
tx_943,acc_90,2025-05-12T23:22:41Z,21.84,P2P,SUCCESS
tx_944,acc_90,2025-05-17T17:15:07Z,119.0,DEPOSIT,SUCCESS
tx_945,acc_90,2025-05-04T09:49:17Z,72.6,P2P,SUCCESS
tx_946,acc_90,2025-03-18T03:11:24Z,148.83,P2P,SUCCESS
tx_947,acc_90,2025-04-03T05:07:16Z,299.71,DEPOSIT,SUCCESS
tx_948,acc_90,2025-03-27T04:09:28Z,110.78,WITHDRAWAL,SUCCESS
tx_949,acc_90,2025-04-24T07:48:16Z,83.9,DEPOSIT,FAILED
tx_95,acc_8,2025-04-17T13:15:25Z,111.9,DEPOSIT,SUCCESS
tx_950,acc_90,2025-03-04T09:41:56Z,164.66,WITHDRAWAL,SUCCESS
tx_951,acc_91,2025-05-26T10:48:11Z,160.35,DEPOSIT,SUCCESS
tx_952,acc_91,2025-04-25T04:09:09Z,100.89,DEPOSIT,SUCCESS
tx_953,acc_91,2025-04-24T19:35:49Z,194.1,DEPOSIT,SUCCESS
tx_954,acc_91,2025-05-23T13:11:06Z,76.17,WITHDRAWAL,SUCCESS
tx_955,acc_91,2025-04-25T03:57:47Z,259.58,WITHDRAWAL,SUCCESS
tx_956,acc_91,2025-04-12T07:29:49Z,214.02,WITHDRAWAL,SUCCESS
tx_957,acc_91,2025-03-09T18:16:03Z,30.66,DEPOSIT,SUCCESS
tx_958,acc_91,2025-03-15T11:56:49Z,105.75,WITHDRAWAL,SUCCESS
tx_959,acc_91,2025-03-15T04:24:51Z,27.83,DEPOSIT,SUCCESS
tx_96,acc_8,2025-03-12T18:34:30Z,265.88,WITHDRAWAL,SUCCESS
tx_960,acc_91,2025-03-15T02:17:56Z,135.28,DEPOSIT,SUCCESS
tx_961,acc_92,2025-05-24T12:40:38Z,93.74,P2P,SUCCESS
tx_962,acc_92,2025-05-09T12:10:11Z,217.58,P2P,SUCCESS
tx_963,acc_92,2025-05-18T16:46:23Z,166.89,WITHDRAWAL,SUCCESS
tx_964,acc_92,2025-04-27T05:37:33Z,155.36,WITHDRAWAL,SUCCESS
tx_965,acc_92,2025-05-07T07:14:33Z,189.57,DEPOSIT,SUCCESS
tx_966,acc_92,2025-04-09T15:30:09Z,119.83,DEPOSIT,FAILED
tx_967,acc_92,2025-04-21T05:43:09Z,80.78,P2P,SUCCESS
tx_968,acc_92,2025-03-24T07:02:38Z,47.88,DEPOSIT,SUCCESS
tx_969,acc_92,2025-03-16T01:29:04Z,124.6,P2P,SUCCESS
tx_97,acc_9,2025-05-22T11:22:20Z,239.12,WITHDRAWAL,SUCCESS
tx_970,acc_92,2025-04-11T07:28:19Z,84.74,DEPOSIT,SUCCESS
tx_971,acc_93,2025-05-28T14:25:02Z,29.79,P2P,SUCCESS
tx_972,acc_93,2025-05-22T12:28:46Z,253.57,DEPOSIT,SUCCESS
tx_973,acc_93,2025-05-12T00:54:27Z,84.54,DEPOSIT,SUCCESS
tx_974,acc_93,2025-05-14T21:13:13Z,121.22,P2P,SUCCESS
tx_975,acc_93,2025-05-09T13:50:58Z,154.56,WITHDRAWAL,SUCCESS
tx_976,acc_93,2025-03-12T21:59:22Z,83.05,P2P,SUCCESS
tx_977,acc_93,2025-03-25T06:20:55Z,212.75,DEPOSIT,SUCCESS
tx_978,acc_93,2025-03-23T10:29:49Z,290.51,DEPOSIT,SUCCESS
tx_979,acc_93,2025-03-20T12:16:54Z,209.71,WITHDRAWAL,SUCCESS
tx_98,acc_9,2025-05-19T01:54:37Z,480.48,DEPOSIT,SUCCESS
tx_980,acc_93,2025-03-08T21:50:03Z,217.5,WITHDRAWAL,SUCCESS
tx_981,acc_94,2025-05-28T16:52:21Z,106.72,WITHDRAWAL,SUCCESS
tx_982,acc_94,2025-05-01T07:20:38Z,138.73,WITHDRAWAL,SUCCESS
tx_983,acc_94,2025-04-25T00:11:44Z,235.78,DEPOSIT,FAILED
tx_984,acc_94,2025-05-16T12:17:38Z,298.69,WITHDRAWAL,SUCCESS
tx_985,acc_94,2025-05-15T05:52:25Z,47.67,WITHDRAWAL,SUCCESS
tx_986,acc_94,2025-04-17T02:36:58Z,222.22,WITHDRAWAL,SUCCESS
tx_987,acc_94,2025-03-03T05:04:09Z,85.01,P2P,SUCCESS
tx_988,acc_94,2025-04-20T20:01:58Z,254.41,WITHDRAWAL,SUCCESS
tx_989,acc_94,2025-03-11T03:11:25Z,179.57,DEPOSIT,SUCCESS
tx_99,acc_9,2025-05-19T00:37:27Z,452.42,DEPOSIT,SUCCESS
tx_990,acc_94,2025-04-02T18:45:58Z,69.97,DEPOSIT,FAILED
tx_991,acc_95,2025-05-26T10:03:48Z,133.49,WITHDRAWAL,SUCCESS
tx_992,acc_95,2025-05-05T07:18:18Z,154.87,P2P,SUCCESS
tx_993,acc_95,2025-04-29T15:35:31Z,260.33,DEPOSIT,SUCCESS
tx_994,acc_95,2025-05-03T14:43:56Z,249.04,P2P,SUCCESS
tx_995,acc_95,2025-05-07T16:05:59Z,124.6,WITHDRAWAL,SUCCESS
tx_996,acc_95,2025-03-21T11:57:28Z,227.55,WITHDRAWAL,SUCCESS
tx_997,acc_95,2025-03-07T17:38:03Z,82.23,DEPOSIT,SUCCESS
tx_998,acc_95,2025-04-04T14:06:28Z,231.42,WITHDRAWAL,SUCCESS
tx_999,acc_95,2025-04-19T11:55:06Z,155.94,WITHDRAWAL,SUCCESS
