call_id,subscriber_id,call_timestamp,duration_sec,call_status,tower_id
call_1,sub_1,2025-05-06T08:02:10Z,850,COMPLETED,TWR_A
call_2,sub_1,2025-04-08T11:14:27Z,595,COMPLETED,TWR_B
call_3,sub_1,2025-05-24T17:56:03Z,5,DROPPED,TWR_A
call_4,sub_1,2025-04-18T04:51:46Z,937,COMPLETED,TWR_C
call_5,sub_1,2025-04-14T09:37:39Z,415,COMPLETED,TWR_C
call_6,sub_1,2025-05-17T02:16:27Z,50,DROPPED,TWR_C
call_7,sub_1,2025-04-22T03:40:42Z,88,COMPLETED,TWR_C
call_8,sub_1,2025-05-21T19:40:31Z,5,DROPPED,TWR_C
call_9,sub_1,2025-05-05T03:56:25Z,1141,COMPLETED,TWR_C
call_10,sub_1,2025-05-04T16:01:37Z,982,COMPLETED,TWR_C
call_11,sub_1,2025-05-29T03:38:47Z,70,DROPPED,TWR_C
call_12,sub_1,2025-04-19T07:01:59Z,757,COMPLETED,TWR_B
call_13,sub_2,2025-05-13T21:29:26Z,1127,COMPLETED,TWR_A
call_14,sub_2,2025-05-10T18:55:39Z,1117,COMPLETED,TWR_B
call_15,sub_2,2025-04-27T02:45:27Z,817,COMPLETED,TWR_A
call_16,sub_2,2025-04-05T08:57:58Z,375,COMPLETED,TWR_A
call_17,sub_2,2025-05-05T02:56:58Z,938,COMPLETED,TWR_C
call_18,sub_2,2025-05-01T20:50:36Z,962,COMPLETED,TWR_A
call_19,sub_2,2025-05-21T03:08:53Z,779,COMPLETED,TWR_A
call_20,sub_2,2025-04-30T09:16:42Z,855,COMPLETED,TWR_C
call_21,sub_2,2025-04-19T14:45:03Z,54,DROPPED,TWR_A
call_22,sub_2,2025-04-21T11:06:57Z,61,DROPPED,TWR_A
call_23,sub_2,2025-05-12T00:15:32Z,440,COMPLETED,TWR_B
call_24,sub_2,2025-04-26T19:43:09Z,1103,COMPLETED,TWR_A
call_25,sub_3,2025-05-14T08:02:27Z,82,DROPPED,TWR_A
call_26,sub_3,2025-04-17T08:00:18Z,705,COMPLETED,TWR_A
call_27,sub_3,2025-04-01T14:05:23Z,455,COMPLETED,TWR_C
call_28,sub_3,2025-04-23T10:14:22Z,996,COMPLETED,TWR_A
call_29,sub_3,2025-04-09T00:21:50Z,630,COMPLETED,TWR_B
call_30,sub_3,2025-05-05T09:35:45Z,267,COMPLETED,TWR_A
call_31,sub_3,2025-05-01T01:25:16Z,322,COMPLETED,TWR_A
call_32,sub_3,2025-04-12T03:39:50Z,47,DROPPED,TWR_A
call_33,sub_3,2025-04-19T05:57:47Z,688,COMPLETED,TWR_C
call_34,sub_3,2025-05-06T02:42:00Z,55,DROPPED,TWR_A
call_35,sub_3,2025-05-28T09:53:46Z,751,COMPLETED,TWR_A
call_36,sub_3,2025-04-05T13:16:54Z,58,COMPLETED,TWR_B
call_37,sub_4,2025-04-06T17:59:26Z,984,COMPLETED,TWR_C
call_38,sub_4,2025-05-18T21:47:55Z,106,COMPLETED,TWR_A
call_39,sub_4,2025-04-26T05:12:13Z,50,COMPLETED,TWR_A
call_40,sub_4,2025-04-03T18:16:21Z,952,COMPLETED,TWR_A
call_41,sub_4,2025-04-05T08:24:27Z,288,COMPLETED,TWR_C
call_42,sub_4,2025-05-04T11:16:51Z,945,COMPLETED,TWR_B
call_43,sub_4,2025-04-13T16:19:00Z,969,COMPLETED,TWR_C
call_44,sub_4,2025-04-15T22:13:16Z,1052,COMPLETED,TWR_C
call_45,sub_4,2025-05-20T21:16:21Z,69,DROPPED,TWR_B
call_46,sub_4,2025-04-25T15:05:38Z,358,COMPLETED,TWR_C
call_47,sub_4,2025-04-24T04:41:53Z,775,COMPLETED,TWR_A
call_48,sub_4,2025-04-28T13:08:51Z,54,COMPLETED,TWR_C
call_49,sub_5,2025-04-21T17:08:49Z,175,COMPLETED,TWR_C
call_50,sub_5,2025-05-06T08:50:02Z,643,COMPLETED,TWR_A
call_51,sub_5,2025-04-03T08:24:51Z,739,COMPLETED,TWR_C
call_52,sub_5,2025-04-04T01:00:23Z,976,COMPLETED,TWR_A
call_53,sub_5,2025-04-18T07:05:16Z,86,DROPPED,TWR_C
call_54,sub_5,2025-04-29T00:40:35Z,635,COMPLETED,TWR_B
call_55,sub_5,2025-05-31T18:38:23Z,974,COMPLETED,TWR_A
call_56,sub_5,2025-05-23T12:08:35Z,50,DROPPED,TWR_C
call_57,sub_5,2025-04-05T20:07:00Z,328,COMPLETED,TWR_A
call_58,sub_5,2025-05-12T23:21:08Z,242,COMPLETED,TWR_B
call_59,sub_5,2025-05-15T16:56:55Z,730,COMPLETED,TWR_A
call_60,sub_5,2025-05-22T23:36:54Z,14,DROPPED,TWR_C
call_61,sub_6,2025-05-16T01:32:31Z,839,COMPLETED,TWR_A
call_62,sub_6,2025-04-15T14:51:31Z,46,COMPLETED,TWR_B
call_63,sub_6,2025-04-15T23:19:57Z,30,DROPPED,TWR_B
call_64,sub_6,2025-05-05T04:21:02Z,993,COMPLETED,TWR_A
call_65,sub_6,2025-05-19T10:25:41Z,1192,COMPLETED,TWR_A
call_66,sub_6,2025-05-21T02:00:31Z,39,DROPPED,TWR_B
call_67,sub_6,2025-04-22T22:19:49Z,596,COMPLETED,TWR_A
call_68,sub_6,2025-06-01T04:51:49Z,239,COMPLETED,TWR_A
call_69,sub_6,2025-04-04T11:48:52Z,71,COMPLETED,TWR_B
call_70,sub_6,2025-05-01T21:10:54Z,40,DROPPED,TWR_B
call_71,sub_6,2025-04-17T01:58:52Z,59,DROPPED,TWR_B
call_72,sub_6,2025-04-09T16:55:54Z,482,COMPLETED,TWR_A
call_73,sub_7,2025-05-09T17:27:56Z,902,COMPLETED,TWR_A
call_74,sub_7,2025-04-15T15:47:49Z,881,COMPLETED,TWR_C
call_75,sub_7,2025-05-14T07:30:11Z,68,DROPPED,TWR_B
call_76,sub_7,2025-05-17T02:16:46Z,991,COMPLETED,TWR_C
call_77,sub_7,2025-04-09T00:06:53Z,360,COMPLETED,TWR_C
call_78,sub_7,2025-04-30T08:56:34Z,337,COMPLETED,TWR_A
call_79,sub_7,2025-04-03T07:48:01Z,27,DROPPED,TWR_B
call_80,sub_7,2025-04-17T11:41:28Z,577,COMPLETED,TWR_B
call_81,sub_7,2025-04-10T06:36:31Z,499,COMPLETED,TWR_C
call_82,sub_7,2025-05-04T06:11:21Z,946,COMPLETED,TWR_A
call_83,sub_7,2025-04-24T15:47:03Z,852,COMPLETED,TWR_C
call_84,sub_7,2025-05-17T21:42:59Z,125,COMPLETED,TWR_A
call_85,sub_8,2025-04-05T23:30:36Z,407,COMPLETED,TWR_C
call_86,sub_8,2025-05-05T06:13:56Z,174,COMPLETED,TWR_C
call_87,sub_8,2025-04-17T21:43:37Z,1119,COMPLETED,TWR_B
call_88,sub_8,2025-04-20T16:51:57Z,537,COMPLETED,TWR_A
call_89,sub_8,2025-04-09T01:31:20Z,81,DROPPED,TWR_A
call_90,sub_8,2025-05-10T08:35:28Z,649,COMPLETED,TWR_B
call_91,sub_8,2025-04-18T05:24:29Z,1101,COMPLETED,TWR_C
call_92,sub_8,2025-05-26T17:44:21Z,447,COMPLETED,TWR_B
call_93,sub_8,2025-04-19T23:45:51Z,753,COMPLETED,TWR_B
call_94,sub_8,2025-05-19T04:06:07Z,694,COMPLETED,TWR_C
call_95,sub_8,2025-05-16T21:58:36Z,104,COMPLETED,TWR_A
call_96,sub_8,2025-05-23T00:23:54Z,1022,COMPLETED,TWR_A
call_97,sub_9,2025-04-07T03:52:03Z,406,COMPLETED,TWR_C
call_98,sub_9,2025-05-13T18:36:06Z,1138,COMPLETED,TWR_C
call_99,sub_9,2025-04-28T13:10:35Z,865,COMPLETED,TWR_A
call_100,sub_9,2025-04-13T14:45:24Z,84,DROPPED,TWR_C
call_101,sub_9,2025-05-13T21:42:53Z,47,DROPPED,TWR_A
call_102,sub_9,2025-05-22T15:14:46Z,103,COMPLETED,TWR_A
call_103,sub_9,2025-05-02T22:27:38Z,479,COMPLETED,TWR_A
call_104,sub_9,2025-04-15T17:02:22Z,949,COMPLETED,TWR_C
call_105,sub_9,2025-04-29T15:59:25Z,364,COMPLETED,TWR_A
call_106,sub_9,2025-04-30T15:08:19Z,62,DROPPED,TWR_A
call_107,sub_9,2025-04-26T10:17:39Z,60,DROPPED,TWR_A
call_108,sub_9,2025-05-15T00:22:08Z,396,COMPLETED,TWR_A
call_109,sub_10,2025-05-01T04:51:46Z,642,COMPLETED,TWR_A
call_110,sub_10,2025-05-18T17:39:46Z,15,DROPPED,TWR_B
call_111,sub_10,2025-04-17T09:01:45Z,1071,COMPLETED,TWR_C
call_112,sub_10,2025-04-27T01:52:25Z,334,COMPLETED,TWR_B
call_113,sub_10,2025-04-12T01:50:19Z,342,COMPLETED,TWR_C
call_114,sub_10,2025-05-13T18:14:33Z,1173,COMPLETED,TWR_C
call_115,sub_10,2025-04-24T02:05:13Z,924,COMPLETED,TWR_C
call_116,sub_10,2025-04-06T23:49:51Z,303,COMPLETED,TWR_B
call_117,sub_10,2025-05-18T22:27:51Z,89,DROPPED,TWR_B
call_118,sub_10,2025-05-21T03:08:15Z,31,DROPPED,TWR_B
call_119,sub_10,2025-04-23T07:56:28Z,183,COMPLETED,TWR_B
call_120,sub_10,2025-04-15T04:28:49Z,65,DROPPED,TWR_B
call_121,sub_11,2025-04-22T19:49:53Z,1175,COMPLETED,TWR_A
call_122,sub_11,2025-04-11T05:11:23Z,408,COMPLETED,TWR_A
call_123,sub_11,2025-04-26T11:14:47Z,1002,COMPLETED,TWR_A
call_124,sub_11,2025-04-23T19:59:03Z,470,COMPLETED,TWR_A
call_125,sub_11,2025-04-24T13:08:48Z,999,COMPLETED,TWR_C
call_126,sub_11,2025-05-11T19:36:46Z,982,COMPLETED,TWR_B
call_127,sub_11,2025-05-13T12:16:30Z,9,DROPPED,TWR_B
call_128,sub_11,2025-04-12T16:59:25Z,747,COMPLETED,TWR_B
call_129,sub_11,2025-04-26T15:34:38Z,404,COMPLETED,TWR_A
call_130,sub_11,2025-05-22T23:57:38Z,400,COMPLETED,TWR_C
call_131,sub_11,2025-04-12T12:32:41Z,414,COMPLETED,TWR_B
call_132,sub_11,2025-05-10T01:04:21Z,1109,COMPLETED,TWR_A
call_133,sub_12,2025-05-12T09:38:20Z,88,DROPPED,TWR_A
call_134,sub_12,2025-05-13T03:03:25Z,376,COMPLETED,TWR_B
call_135,sub_12,2025-05-20T10:39:04Z,705,COMPLETED,TWR_A
call_136,sub_12,2025-04-09T10:48:18Z,840,COMPLETED,TWR_C
call_137,sub_12,2025-04-26T15:42:03Z,305,COMPLETED,TWR_B
call_138,sub_12,2025-05-13T12:31:25Z,1059,COMPLETED,TWR_B
call_139,sub_12,2025-05-02T03:48:22Z,779,COMPLETED,TWR_C
call_140,sub_12,2025-04-21T11:35:46Z,69,DROPPED,TWR_C
call_141,sub_12,2025-04-12T23:21:14Z,278,COMPLETED,TWR_C
call_142,sub_12,2025-05-11T00:51:12Z,35,DROPPED,TWR_A
call_143,sub_12,2025-04-11T19:27:50Z,833,COMPLETED,TWR_B
call_144,sub_12,2025-05-04T16:37:49Z,934,COMPLETED,TWR_A
call_145,sub_13,2025-05-15T11:14:05Z,60,DROPPED,TWR_A
call_146,sub_13,2025-04-11T18:19:46Z,1091,COMPLETED,TWR_B
call_147,sub_13,2025-04-16T08:32:07Z,215,COMPLETED,TWR_B
call_148,sub_13,2025-04-18T22:31:06Z,1025,COMPLETED,TWR_C
call_149,sub_13,2025-04-25T18:26:43Z,254,COMPLETED,TWR_A
call_150,sub_13,2025-04-15T23:00:32Z,55,COMPLETED,TWR_A
call_151,sub_13,2025-04-23T09:22:54Z,35,DROPPED,TWR_A
call_152,sub_13,2025-04-09T02:23:25Z,87,DROPPED,TWR_C
call_153,sub_13,2025-04-18T08:32:44Z,937,COMPLETED,TWR_C
call_154,sub_13,2025-04-30T14:25:47Z,501,COMPLETED,TWR_B
call_155,sub_13,2025-04-24T17:50:28Z,922,COMPLETED,TWR_B
call_156,sub_13,2025-05-04T00:05:18Z,194,COMPLETED,TWR_A
call_157,sub_14,2025-05-17T19:15:30Z,1151,COMPLETED,TWR_A
call_158,sub_14,2025-05-10T11:24:08Z,453,COMPLETED,TWR_B
call_159,sub_14,2025-05-12T04:12:03Z,1083,COMPLETED,TWR_C
call_160,sub_14,2025-05-10T00:44:45Z,1083,COMPLETED,TWR_B
call_161,sub_14,2025-04-25T21:08:01Z,9,DROPPED,TWR_C
call_162,sub_14,2025-05-23T18:49:39Z,937,COMPLETED,TWR_B
call_163,sub_14,2025-04-16T12:04:35Z,38,DROPPED,TWR_B
call_164,sub_14,2025-05-14T14:40:33Z,721,COMPLETED,TWR_A
call_165,sub_14,2025-05-19T08:28:45Z,438,COMPLETED,TWR_C
call_166,sub_14,2025-05-07T10:58:25Z,25,DROPPED,TWR_A
call_167,sub_14,2025-04-26T08:51:08Z,1149,COMPLETED,TWR_C
call_168,sub_14,2025-04-28T04:13:57Z,1154,COMPLETED,TWR_C
call_169,sub_15,2025-04-23T23:41:46Z,181,COMPLETED,TWR_A
call_170,sub_15,2025-05-22T15:05:26Z,514,COMPLETED,TWR_A
call_171,sub_15,2025-04-10T01:27:33Z,803,COMPLETED,TWR_A
call_172,sub_15,2025-04-21T23:26:52Z,680,COMPLETED,TWR_A
call_173,sub_15,2025-05-31T09:22:52Z,887,COMPLETED,TWR_A
call_174,sub_15,2025-04-13T17:53:20Z,703,COMPLETED,TWR_B
call_175,sub_15,2025-05-06T01:12:48Z,37,COMPLETED,TWR_A
call_176,sub_15,2025-05-06T07:48:50Z,544,COMPLETED,TWR_B
call_177,sub_15,2025-05-26T09:16:24Z,532,COMPLETED,TWR_C
call_178,sub_15,2025-05-22T17:32:52Z,446,COMPLETED,TWR_B
call_179,sub_15,2025-04-12T15:55:16Z,1084,COMPLETED,TWR_C
call_180,sub_15,2025-05-02T11:23:50Z,40,COMPLETED,TWR_C
call_181,sub_16,2025-04-27T02:04:19Z,164,COMPLETED,TWR_A
call_182,sub_16,2025-05-05T20:23:09Z,840,COMPLETED,TWR_A
call_183,sub_16,2025-04-15T15:07:39Z,1187,COMPLETED,TWR_A
call_184,sub_16,2025-05-23T20:10:20Z,1067,COMPLETED,TWR_C
call_185,sub_16,2025-04-11T21:12:41Z,74,DROPPED,TWR_C
call_186,sub_16,2025-04-26T01:36:25Z,343,COMPLETED,TWR_C
call_187,sub_16,2025-05-30T07:58:31Z,853,COMPLETED,TWR_B
call_188,sub_16,2025-04-13T17:43:50Z,291,COMPLETED,TWR_A
call_189,sub_16,2025-04-24T07:51:34Z,541,COMPLETED,TWR_A
call_190,sub_16,2025-04-12T12:02:54Z,1121,COMPLETED,TWR_C
call_191,sub_16,2025-05-27T08:01:40Z,87,DROPPED,TWR_C
call_192,sub_16,2025-05-31T02:06:10Z,48,DROPPED,TWR_C
call_193,sub_17,2025-04-21T19:56:33Z,87,COMPLETED,TWR_C
call_194,sub_17,2025-05-12T09:42:37Z,761,COMPLETED,TWR_B
call_195,sub_17,2025-04-30T11:51:17Z,434,COMPLETED,TWR_A
call_196,sub_17,2025-04-23T06:04:21Z,1038,COMPLETED,TWR_C
call_197,sub_17,2025-04-03T23:31:10Z,369,COMPLETED,TWR_C
call_198,sub_17,2025-04-03T01:11:45Z,42,DROPPED,TWR_C
call_199,sub_17,2025-05-11T14:25:01Z,1182,COMPLETED,TWR_C
call_200,sub_17,2025-04-02T22:30:32Z,727,COMPLETED,TWR_C
call_201,sub_17,2025-04-28T01:21:42Z,133,COMPLETED,TWR_C
call_202,sub_17,2025-04-28T20:00:12Z,51,COMPLETED,TWR_C
call_203,sub_17,2025-05-04T19:57:47Z,78,DROPPED,TWR_A
call_204,sub_17,2025-05-28T02:47:40Z,67,COMPLETED,TWR_A
call_205,sub_18,2025-05-16T09:21:09Z,407,COMPLETED,TWR_B
call_206,sub_18,2025-05-11T10:07:54Z,487,COMPLETED,TWR_B
call_207,sub_18,2025-04-24T14:01:48Z,331,COMPLETED,TWR_A
call_208,sub_18,2025-04-13T11:28:39Z,671,COMPLETED,TWR_A
call_209,sub_18,2025-05-15T13:02:49Z,67,COMPLETED,TWR_A
call_210,sub_18,2025-05-11T23:06:33Z,14,DROPPED,TWR_C
call_211,sub_18,2025-04-17T10:59:57Z,1078,COMPLETED,TWR_A
call_212,sub_18,2025-04-10T20:00:19Z,1197,COMPLETED,TWR_C
call_213,sub_18,2025-05-19T23:48:21Z,836,COMPLETED,TWR_A
call_214,sub_18,2025-04-18T10:13:29Z,70,COMPLETED,TWR_C
call_215,sub_18,2025-05-19T14:40:15Z,71,DROPPED,TWR_C
call_216,sub_18,2025-05-13T21:06:32Z,1090,COMPLETED,TWR_C
call_217,sub_19,2025-04-27T12:52:44Z,816,COMPLETED,TWR_B
call_218,sub_19,2025-05-12T08:11:52Z,197,COMPLETED,TWR_C
call_219,sub_19,2025-04-09T13:32:25Z,88,DROPPED,TWR_A
call_220,sub_19,2025-04-03T22:59:19Z,417,COMPLETED,TWR_B
call_221,sub_19,2025-04-28T09:24:51Z,24,DROPPED,TWR_A
call_222,sub_19,2025-05-22T22:31:35Z,178,COMPLETED,TWR_B
call_223,sub_19,2025-04-10T19:10:35Z,488,COMPLETED,TWR_C
call_224,sub_19,2025-05-18T07:55:13Z,249,COMPLETED,TWR_C
call_225,sub_19,2025-05-28T11:30:58Z,71,COMPLETED,TWR_A
call_226,sub_19,2025-05-01T19:31:21Z,1021,COMPLETED,TWR_C
call_227,sub_19,2025-05-22T02:41:39Z,54,COMPLETED,TWR_B
call_228,sub_19,2025-05-02T09:07:19Z,818,COMPLETED,TWR_C
call_229,sub_20,2025-05-14T18:06:36Z,1124,COMPLETED,TWR_A
call_230,sub_20,2025-05-03T17:05:27Z,658,COMPLETED,TWR_A
call_231,sub_20,2025-04-23T09:36:29Z,432,COMPLETED,TWR_C
call_232,sub_20,2025-04-11T14:26:00Z,625,COMPLETED,TWR_A
call_233,sub_20,2025-05-03T13:13:28Z,58,DROPPED,TWR_B
call_234,sub_20,2025-05-16T03:27:01Z,1197,COMPLETED,TWR_C
call_235,sub_20,2025-05-21T13:50:04Z,1056,COMPLETED,TWR_A
call_236,sub_20,2025-04-29T15:05:33Z,77,DROPPED,TWR_C
call_237,sub_20,2025-04-18T11:58:16Z,72,DROPPED,TWR_C
call_238,sub_20,2025-04-28T07:23:56Z,53,DROPPED,TWR_C
call_239,sub_20,2025-04-02T19:32:18Z,854,COMPLETED,TWR_B
call_240,sub_20,2025-05-05T03:07:46Z,79,DROPPED,TWR_C
call_241,sub_21,2025-04-26T14:12:49Z,671,COMPLETED,TWR_C
call_242,sub_21,2025-04-03T11:25:33Z,581,COMPLETED,TWR_A
call_243,sub_21,2025-05-09T22:31:28Z,49,DROPPED,TWR_A
call_244,sub_21,2025-04-22T20:48:09Z,205,COMPLETED,TWR_B
call_245,sub_21,2025-04-09T07:49:48Z,11,DROPPED,TWR_A
call_246,sub_21,2025-05-16T18:51:53Z,155,COMPLETED,TWR_B
call_247,sub_21,2025-04-19T14:04:55Z,947,COMPLETED,TWR_A
call_248,sub_21,2025-04-14T06:49:38Z,162,COMPLETED,TWR_C
call_249,sub_21,2025-04-23T03:11:55Z,392,COMPLETED,TWR_A
call_250,sub_21,2025-04-16T09:20:29Z,755,COMPLETED,TWR_A
call_251,sub_21,2025-04-05T15:39:08Z,55,DROPPED,TWR_A
call_252,sub_21,2025-05-28T15:38:24Z,1165,COMPLETED,TWR_A
call_253,sub_22,2025-05-04T09:09:54Z,349,COMPLETED,TWR_B
call_254,sub_22,2025-04-09T13:36:58Z,935,COMPLETED,TWR_A
call_255,sub_22,2025-04-14T16:25:04Z,375,COMPLETED,TWR_B
call_256,sub_22,2025-05-03T09:08:35Z,525,COMPLETED,TWR_B
call_257,sub_22,2025-04-30T02:21:20Z,982,COMPLETED,TWR_C
call_258,sub_22,2025-05-23T21:35:19Z,11,DROPPED,TWR_A
call_259,sub_22,2025-04-01T13:22:42Z,497,COMPLETED,TWR_B
call_260,sub_22,2025-04-20T11:12:39Z,35,COMPLETED,TWR_C
call_261,sub_22,2025-04-02T12:27:56Z,823,COMPLETED,TWR_C
call_262,sub_22,2025-04-29T03:41:10Z,32,DROPPED,TWR_A
call_263,sub_22,2025-05-11T02:58:50Z,211,COMPLETED,TWR_C
call_264,sub_22,2025-04-05T01:44:00Z,741,COMPLETED,TWR_A
call_265,sub_23,2025-05-28T07:56:19Z,442,COMPLETED,TWR_B
call_266,sub_23,2025-05-19T22:18:12Z,154,COMPLETED,TWR_A
call_267,sub_23,2025-04-29T13:27:07Z,87,DROPPED,TWR_C
call_268,sub_23,2025-05-01T23:58:41Z,1181,COMPLETED,TWR_B
call_269,sub_23,2025-04-05T22:58:42Z,1147,COMPLETED,TWR_C
call_270,sub_23,2025-05-14T06:24:13Z,381,COMPLETED,TWR_B
call_271,sub_23,2025-04-04T03:40:28Z,972,COMPLETED,TWR_C
call_272,sub_23,2025-04-16T22:15:52Z,76,DROPPED,TWR_C
call_273,sub_23,2025-04-25T22:07:28Z,25,DROPPED,TWR_C
call_274,sub_23,2025-04-06T09:58:03Z,1147,COMPLETED,TWR_C
call_275,sub_23,2025-04-19T02:59:45Z,1098,COMPLETED,TWR_A
call_276,sub_23,2025-05-31T21:25:25Z,669,COMPLETED,TWR_A
call_277,sub_24,2025-05-31T21:21:45Z,801,COMPLETED,TWR_C
call_278,sub_24,2025-05-17T03:37:16Z,15,DROPPED,TWR_A
call_279,sub_24,2025-04-03T01:52:22Z,23,DROPPED,TWR_A
call_280,sub_24,2025-04-02T07:09:41Z,640,COMPLETED,TWR_C
call_281,sub_24,2025-04-03T10:52:55Z,25,DROPPED,TWR_A
call_282,sub_24,2025-04-30T15:25:34Z,32,DROPPED,TWR_A
call_283,sub_24,2025-05-06T03:31:03Z,220,COMPLETED,TWR_C
call_284,sub_24,2025-05-20T17:27:31Z,755,COMPLETED,TWR_B
call_285,sub_24,2025-04-23T15:38:49Z,402,COMPLETED,TWR_B
call_286,sub_24,2025-04-26T20:02:24Z,187,COMPLETED,TWR_B
call_287,sub_24,2025-05-04T06:17:36Z,274,COMPLETED,TWR_A
call_288,sub_24,2025-05-18T11:14:58Z,276,COMPLETED,TWR_C
call_289,sub_25,2025-04-13T13:43:48Z,829,COMPLETED,TWR_C
call_290,sub_25,2025-04-08T06:27:39Z,179,COMPLETED,TWR_C
call_291,sub_25,2025-04-05T19:30:22Z,1055,COMPLETED,TWR_C
call_292,sub_25,2025-04-05T07:47:41Z,784,COMPLETED,TWR_C
call_293,sub_25,2025-04-19T19:40:17Z,469,COMPLETED,TWR_B
call_294,sub_25,2025-05-21T10:17:58Z,829,COMPLETED,TWR_C
call_295,sub_25,2025-05-01T01:17:27Z,103,COMPLETED,TWR_C
call_296,sub_25,2025-04-20T07:55:39Z,868,COMPLETED,TWR_C
call_297,sub_25,2025-05-19T03:59:10Z,414,COMPLETED,TWR_C
call_298,sub_25,2025-04-20T09:52:11Z,133,COMPLETED,TWR_A
call_299,sub_25,2025-05-06T11:06:05Z,174,COMPLETED,TWR_A
call_300,sub_25,2025-05-16T00:36:16Z,545,COMPLETED,TWR_B
call_301,sub_26,2025-04-23T13:50:39Z,664,COMPLETED,TWR_C
call_302,sub_26,2025-04-18T09:43:03Z,114,COMPLETED,TWR_B
call_303,sub_26,2025-04-29T09:49:36Z,1151,COMPLETED,TWR_C
call_304,sub_26,2025-04-25T13:10:11Z,567,COMPLETED,TWR_B
call_305,sub_26,2025-04-15T10:59:07Z,205,COMPLETED,TWR_B
call_306,sub_26,2025-05-04T03:12:23Z,981,COMPLETED,TWR_B
call_307,sub_26,2025-04-16T09:50:32Z,88,COMPLETED,TWR_B
call_308,sub_26,2025-05-17T16:01:35Z,974,COMPLETED,TWR_A
call_309,sub_26,2025-05-08T12:51:27Z,54,COMPLETED,TWR_C
call_310,sub_26,2025-04-17T09:38:57Z,643,COMPLETED,TWR_C
call_311,sub_27,2025-04-23T07:10:24Z,272,COMPLETED,TWR_C
call_312,sub_27,2025-04-28T09:47:44Z,1125,COMPLETED,TWR_A
call_313,sub_27,2025-04-15T18:58:01Z,193,COMPLETED,TWR_B
call_314,sub_27,2025-04-28T04:13:36Z,256,COMPLETED,TWR_C
call_315,sub_27,2025-04-14T15:52:21Z,578,COMPLETED,TWR_C
call_316,sub_27,2025-04-14T05:11:46Z,594,COMPLETED,TWR_C
call_317,sub_27,2025-04-27T09:19:36Z,378,COMPLETED,TWR_B
call_318,sub_27,2025-04-25T03:39:04Z,1098,COMPLETED,TWR_A
call_319,sub_27,2025-04-23T19:01:55Z,642,COMPLETED,TWR_A
call_320,sub_27,2025-04-09T16:42:40Z,541,COMPLETED,TWR_C
call_321,sub_28,2025-05-11T02:17:49Z,618,COMPLETED,TWR_C
call_322,sub_28,2025-04-23T12:29:01Z,163,COMPLETED,TWR_C
call_323,sub_28,2025-05-31T04:09:47Z,1042,COMPLETED,TWR_C
call_324,sub_28,2025-05-29T01:56:29Z,594,COMPLETED,TWR_C
call_325,sub_28,2025-05-09T01:07:33Z,362,COMPLETED,TWR_A
call_326,sub_28,2025-04-06T07:18:26Z,429,COMPLETED,TWR_B
call_327,sub_28,2025-04-05T08:23:45Z,165,COMPLETED,TWR_B
call_328,sub_28,2025-05-13T16:08:59Z,55,COMPLETED,TWR_A
call_329,sub_28,2025-05-15T08:07:32Z,947,COMPLETED,TWR_A
call_330,sub_28,2025-04-05T05:06:13Z,180,COMPLETED,TWR_A
call_331,sub_29,2025-04-03T06:25:26Z,1090,COMPLETED,TWR_C
call_332,sub_29,2025-04-12T12:57:32Z,619,COMPLETED,TWR_B
call_333,sub_29,2025-05-03T11:22:28Z,498,COMPLETED,TWR_C
call_334,sub_29,2025-04-23T11:50:39Z,742,COMPLETED,TWR_C
call_335,sub_29,2025-05-29T19:29:54Z,46,COMPLETED,TWR_C
call_336,sub_29,2025-04-02T20:41:58Z,1027,COMPLETED,TWR_C
call_337,sub_29,2025-04-26T09:41:16Z,206,COMPLETED,TWR_C
call_338,sub_29,2025-04-06T15:37:10Z,1045,COMPLETED,TWR_A
call_339,sub_29,2025-05-26T05:25:39Z,201,COMPLETED,TWR_C
call_340,sub_29,2025-06-01T05:54:49Z,265,COMPLETED,TWR_C
call_341,sub_30,2025-04-04T03:41:07Z,45,COMPLETED,TWR_C
call_342,sub_30,2025-05-17T17:34:24Z,704,COMPLETED,TWR_A
call_343,sub_30,2025-04-06T04:13:35Z,864,COMPLETED,TWR_C
call_344,sub_30,2025-05-21T19:41:01Z,299,COMPLETED,TWR_C
call_345,sub_30,2025-04-06T06:49:27Z,831,COMPLETED,TWR_A
call_346,sub_30,2025-04-02T06:49:04Z,754,COMPLETED,TWR_B
call_347,sub_30,2025-04-30T15:16:24Z,756,COMPLETED,TWR_A
call_348,sub_30,2025-04-06T14:04:53Z,438,COMPLETED,TWR_C
call_349,sub_30,2025-04-16T13:08:55Z,1112,COMPLETED,TWR_A
call_350,sub_30,2025-04-25T11:54:24Z,761,COMPLETED,TWR_A
call_351,sub_31,2025-04-08T06:09:31Z,793,COMPLETED,TWR_A
call_352,sub_31,2025-04-24T12:20:30Z,207,COMPLETED,TWR_C
call_353,sub_31,2025-05-12T15:24:16Z,575,COMPLETED,TWR_A
call_354,sub_31,2025-05-11T11:37:41Z,798,COMPLETED,TWR_B
call_355,sub_31,2025-04-30T17:40:31Z,86,DROPPED,TWR_B
call_356,sub_31,2025-05-10T01:15:56Z,1165,COMPLETED,TWR_C
call_357,sub_31,2025-04-12T15:44:24Z,1070,COMPLETED,TWR_B
call_358,sub_31,2025-05-03T13:46:59Z,754,COMPLETED,TWR_B
call_359,sub_31,2025-04-27T08:33:38Z,212,COMPLETED,TWR_C
call_360,sub_31,2025-04-25T17:15:39Z,234,COMPLETED,TWR_C
call_361,sub_32,2025-04-02T11:06:26Z,357,COMPLETED,TWR_A
call_362,sub_32,2025-04-04T07:16:31Z,396,COMPLETED,TWR_A
call_363,sub_32,2025-04-16T22:16:16Z,388,COMPLETED,TWR_A
call_364,sub_32,2025-04-25T06:09:19Z,830,COMPLETED,TWR_C
call_365,sub_32,2025-05-31T10:47:45Z,713,COMPLETED,TWR_A
call_366,sub_32,2025-04-08T16:53:38Z,507,COMPLETED,TWR_C
call_367,sub_32,2025-05-11T09:09:07Z,895,COMPLETED,TWR_C
call_368,sub_32,2025-05-20T09:47:38Z,774,COMPLETED,TWR_C
call_369,sub_32,2025-04-07T03:18:22Z,1009,COMPLETED,TWR_A
call_370,sub_32,2025-05-26T00:30:46Z,118,COMPLETED,TWR_C
call_371,sub_33,2025-05-12T01:32:36Z,1111,COMPLETED,TWR_B
call_372,sub_33,2025-04-27T17:51:21Z,340,COMPLETED,TWR_C
call_373,sub_33,2025-05-05T06:50:18Z,1064,COMPLETED,TWR_C
call_374,sub_33,2025-05-10T15:40:35Z,778,COMPLETED,TWR_B
call_375,sub_33,2025-04-22T00:26:25Z,1176,COMPLETED,TWR_C
call_376,sub_33,2025-04-12T00:16:11Z,1001,COMPLETED,TWR_A
call_377,sub_33,2025-05-17T06:00:41Z,1098,COMPLETED,TWR_B
call_378,sub_33,2025-05-05T23:55:56Z,742,COMPLETED,TWR_A
call_379,sub_33,2025-05-07T06:18:01Z,878,COMPLETED,TWR_A
call_380,sub_33,2025-04-17T08:56:13Z,1181,COMPLETED,TWR_B
call_381,sub_34,2025-04-21T03:52:00Z,426,COMPLETED,TWR_A
call_382,sub_34,2025-04-19T20:04:48Z,83,COMPLETED,TWR_B
call_383,sub_34,2025-04-24T04:03:31Z,847,COMPLETED,TWR_C
call_384,sub_34,2025-04-28T12:19:45Z,74,COMPLETED,TWR_B
call_385,sub_34,2025-04-06T23:37:21Z,75,COMPLETED,TWR_A
call_386,sub_34,2025-04-15T23:41:28Z,446,COMPLETED,TWR_B
call_387,sub_34,2025-04-20T03:18:42Z,505,COMPLETED,TWR_C
call_388,sub_34,2025-05-25T16:41:41Z,184,COMPLETED,TWR_C
call_389,sub_34,2025-04-28T13:57:20Z,859,COMPLETED,TWR_C
call_390,sub_34,2025-05-15T10:34:06Z,859,COMPLETED,TWR_C
call_391,sub_35,2025-04-03T17:59:54Z,715,COMPLETED,TWR_C
call_392,sub_35,2025-04-24T18:45:41Z,461,COMPLETED,TWR_C
call_393,sub_35,2025-04-21T23:07:48Z,1183,COMPLETED,TWR_A
call_394,sub_35,2025-05-28T11:18:23Z,433,COMPLETED,TWR_C
call_395,sub_35,2025-05-09T19:41:17Z,597,COMPLETED,TWR_A
call_396,sub_35,2025-04-24T11:05:25Z,1178,COMPLETED,TWR_A
call_397,sub_35,2025-05-19T04:20:28Z,951,COMPLETED,TWR_B
call_398,sub_35,2025-04-04T10:17:08Z,530,COMPLETED,TWR_C
call_399,sub_35,2025-04-02T09:11:44Z,771,COMPLETED,TWR_B
call_400,sub_35,2025-05-12T14:35:42Z,501,COMPLETED,TWR_C
call_401,sub_36,2025-04-21T16:16:26Z,742,COMPLETED,TWR_A
call_402,sub_36,2025-05-11T18:48:26Z,795,COMPLETED,TWR_A
call_403,sub_36,2025-04-21T16:45:18Z,1193,COMPLETED,TWR_A
call_404,sub_36,2025-05-31T21:30:37Z,455,COMPLETED,TWR_C
call_405,sub_36,2025-04-15T18:55:57Z,304,COMPLETED,TWR_B
call_406,sub_36,2025-05-28T15:04:50Z,58,COMPLETED,TWR_A
call_407,sub_36,2025-04-29T16:36:52Z,901,COMPLETED,TWR_C
call_408,sub_36,2025-05-25T18:16:50Z,853,COMPLETED,TWR_B
call_409,sub_36,2025-05-05T18:59:34Z,236,COMPLETED,TWR_C
call_410,sub_36,2025-05-13T00:07:29Z,593,COMPLETED,TWR_B
call_411,sub_37,2025-05-25T20:23:29Z,608,COMPLETED,TWR_B
call_412,sub_37,2025-04-26T09:42:55Z,1069,COMPLETED,TWR_A
call_413,sub_37,2025-04-19T03:48:26Z,1120,COMPLETED,TWR_A
call_414,sub_37,2025-05-18T21:37:54Z,985,COMPLETED,TWR_A
call_415,sub_37,2025-04-26T01:21:08Z,128,COMPLETED,TWR_C
call_416,sub_37,2025-04-09T06:53:19Z,1045,COMPLETED,TWR_A
call_417,sub_37,2025-05-14T07:58:26Z,1194,COMPLETED,TWR_C
call_418,sub_37,2025-05-17T13:20:23Z,516,COMPLETED,TWR_C
call_419,sub_37,2025-05-28T13:40:44Z,475,COMPLETED,TWR_B
call_420,sub_37,2025-04-17T16:03:34Z,1117,COMPLETED,TWR_B
call_421,sub_38,2025-04-22T03:49:54Z,641,COMPLETED,TWR_A
call_422,sub_38,2025-06-01T05:28:40Z,709,COMPLETED,TWR_A
call_423,sub_38,2025-05-05T05:39:59Z,112,COMPLETED,TWR_B
call_424,sub_38,2025-04-11T18:46:02Z,946,COMPLETED,TWR_C
call_425,sub_38,2025-05-28T17:36:29Z,642,COMPLETED,TWR_A
call_426,sub_38,2025-04-21T05:31:53Z,858,COMPLETED,TWR_B
call_427,sub_38,2025-05-17T20:44:43Z,728,COMPLETED,TWR_A
call_428,sub_38,2025-05-11T06:34:54Z,1036,COMPLETED,TWR_B
call_429,sub_38,2025-05-11T19:39:47Z,503,COMPLETED,TWR_B
call_430,sub_38,2025-04-09T05:32:59Z,36,COMPLETED,TWR_C
call_431,sub_39,2025-05-23T18:37:55Z,905,COMPLETED,TWR_B
call_432,sub_39,2025-04-09T14:32:30Z,733,COMPLETED,TWR_A
call_433,sub_39,2025-04-17T09:33:20Z,223,COMPLETED,TWR_A
call_434,sub_39,2025-05-25T04:18:30Z,591,COMPLETED,TWR_A
call_435,sub_39,2025-05-06T13:37:34Z,1124,COMPLETED,TWR_C
call_436,sub_39,2025-04-05T19:52:34Z,841,COMPLETED,TWR_C
call_437,sub_39,2025-05-19T12:26:01Z,278,COMPLETED,TWR_B
call_438,sub_39,2025-05-12T02:13:34Z,152,COMPLETED,TWR_A
call_439,sub_39,2025-05-27T21:16:53Z,1088,COMPLETED,TWR_C
call_440,sub_39,2025-04-06T02:39:31Z,359,COMPLETED,TWR_A
call_441,sub_40,2025-05-06T22:17:14Z,1161,COMPLETED,TWR_A
call_442,sub_40,2025-05-16T21:11:58Z,492,COMPLETED,TWR_C
call_443,sub_40,2025-05-03T00:38:58Z,145,COMPLETED,TWR_B
call_444,sub_40,2025-04-05T11:10:59Z,1017,COMPLETED,TWR_C
call_445,sub_40,2025-04-19T04:42:19Z,1164,COMPLETED,TWR_C
call_446,sub_40,2025-05-07T02:40:00Z,399,COMPLETED,TWR_C
call_447,sub_40,2025-04-17T14:01:19Z,750,COMPLETED,TWR_B
call_448,sub_40,2025-05-06T18:51:21Z,534,COMPLETED,TWR_A
call_449,sub_40,2025-04-21T16:14:12Z,1095,COMPLETED,TWR_C
call_450,sub_40,2025-04-30T11:59:51Z,687,COMPLETED,TWR_A
call_451,sub_41,2025-04-14T03:47:03Z,1195,COMPLETED,TWR_C
call_452,sub_41,2025-04-13T10:33:13Z,371,COMPLETED,TWR_A
call_453,sub_41,2025-05-18T13:01:40Z,38,COMPLETED,TWR_B
call_454,sub_41,2025-05-28T08:24:32Z,358,COMPLETED,TWR_A
call_455,sub_41,2025-04-05T09:21:28Z,335,COMPLETED,TWR_C
call_456,sub_41,2025-05-13T07:44:33Z,728,COMPLETED,TWR_B
call_457,sub_41,2025-05-24T04:45:26Z,662,COMPLETED,TWR_A
call_458,sub_41,2025-05-20T06:20:35Z,965,COMPLETED,TWR_A
call_459,sub_41,2025-05-09T21:58:52Z,1115,COMPLETED,TWR_B
call_460,sub_41,2025-04-28T18:19:31Z,208,COMPLETED,TWR_C
call_461,sub_42,2025-05-31T03:46:21Z,120,COMPLETED,TWR_C
call_462,sub_42,2025-05-23T07:30:29Z,789,COMPLETED,TWR_C
call_463,sub_42,2025-04-04T03:23:33Z,698,COMPLETED,TWR_C
call_464,sub_42,2025-05-01T21:33:47Z,376,COMPLETED,TWR_C
call_465,sub_42,2025-04-26T06:08:23Z,641,COMPLETED,TWR_C
call_466,sub_42,2025-05-15T00:58:11Z,1050,COMPLETED,TWR_C
call_467,sub_42,2025-05-26T07:56:07Z,557,COMPLETED,TWR_B
call_468,sub_42,2025-05-25T15:07:02Z,757,COMPLETED,TWR_A
call_469,sub_42,2025-04-23T15:07:25Z,419,COMPLETED,TWR_B
call_470,sub_42,2025-04-08T02:16:53Z,1054,COMPLETED,TWR_B
call_471,sub_43,2025-04-05T08:15:03Z,837,COMPLETED,TWR_A
call_472,sub_43,2025-04-16T12:04:02Z,1023,COMPLETED,TWR_A
call_473,sub_43,2025-05-11T15:55:06Z,412,COMPLETED,TWR_C
call_474,sub_43,2025-05-20T23:34:31Z,254,COMPLETED,TWR_B
call_475,sub_43,2025-05-30T22:51:00Z,255,COMPLETED,TWR_B
call_476,sub_43,2025-05-08T06:02:30Z,795,COMPLETED,TWR_B
call_477,sub_43,2025-05-20T22:46:59Z,336,COMPLETED,TWR_B
call_478,sub_43,2025-05-19T15:43:29Z,77,COMPLETED,TWR_A
call_479,sub_43,2025-05-30T11:47:22Z,126,COMPLETED,TWR_A
call_480,sub_43,2025-04-07T22:13:42Z,1019,COMPLETED,TWR_B
call_481,sub_44,2025-04-15T22:27:25Z,900,COMPLETED,TWR_C
call_482,sub_44,2025-04-09T10:23:19Z,1095,COMPLETED,TWR_C
call_483,sub_44,2025-05-27T22:49:05Z,1083,COMPLETED,TWR_A
call_484,sub_44,2025-05-12T22:34:16Z,824,COMPLETED,TWR_B
call_485,sub_44,2025-05-30T17:14:21Z,370,COMPLETED,TWR_B
call_486,sub_44,2025-04-29T08:15:28Z,491,COMPLETED,TWR_B
call_487,sub_44,2025-04-29T06:38:18Z,884,COMPLETED,TWR_B
call_488,sub_44,2025-04-05T15:11:42Z,61,DROPPED,TWR_B
call_489,sub_44,2025-05-07T18:06:33Z,788,COMPLETED,TWR_C
call_490,sub_44,2025-04-18T11:45:36Z,991,COMPLETED,TWR_A
call_491,sub_45,2025-04-12T02:09:55Z,470,COMPLETED,TWR_C
call_492,sub_45,2025-04-07T15:47:41Z,363,COMPLETED,TWR_B
call_493,sub_45,2025-04-22T21:14:36Z,243,COMPLETED,TWR_B
call_494,sub_45,2025-05-23T23:42:53Z,753,COMPLETED,TWR_B
call_495,sub_45,2025-05-16T18:34:38Z,197,COMPLETED,TWR_C
call_496,sub_45,2025-04-29T15:47:09Z,249,COMPLETED,TWR_A
call_497,sub_45,2025-05-26T19:44:07Z,492,COMPLETED,TWR_A
call_498,sub_45,2025-04-03T00:59:01Z,94,COMPLETED,TWR_A
call_499,sub_45,2025-05-01T21:48:05Z,527,COMPLETED,TWR_A
call_500,sub_45,2025-04-17T13:42:49Z,496,COMPLETED,TWR_C
call_501,sub_46,2025-05-30T11:33:40Z,161,COMPLETED,TWR_B
call_502,sub_46,2025-04-30T22:42:35Z,1076,COMPLETED,TWR_C
call_503,sub_46,2025-04-05T20:51:55Z,112,COMPLETED,TWR_A
call_504,sub_46,2025-05-21T22:05:57Z,88,DROPPED,TWR_A
call_505,sub_46,2025-04-12T01:01:26Z,694,COMPLETED,TWR_C
call_506,sub_46,2025-05-20T08:38:56Z,1025,COMPLETED,TWR_A
call_507,sub_46,2025-05-22T10:18:22Z,651,COMPLETED,TWR_A
call_508,sub_46,2025-05-09T20:02:16Z,425,COMPLETED,TWR_C
call_509,sub_46,2025-04-24T11:25:58Z,994,COMPLETED,TWR_C
call_510,sub_46,2025-04-11T12:23:14Z,503,COMPLETED,TWR_B
call_511,sub_47,2025-05-03T17:08:13Z,992,COMPLETED,TWR_B
call_512,sub_47,2025-04-15T00:28:49Z,921,COMPLETED,TWR_B
call_513,sub_47,2025-04-26T06:46:38Z,266,COMPLETED,TWR_A
call_514,sub_47,2025-05-04T17:56:45Z,1042,COMPLETED,TWR_C
call_515,sub_47,2025-05-23T04:28:25Z,85,DROPPED,TWR_B
call_516,sub_47,2025-04-22T09:12:09Z,1086,COMPLETED,TWR_C
call_517,sub_47,2025-05-15T22:07:47Z,652,COMPLETED,TWR_C
call_518,sub_47,2025-04-23T10:24:34Z,1081,COMPLETED,TWR_B
call_519,sub_47,2025-05-05T19:25:05Z,449,COMPLETED,TWR_C
call_520,sub_47,2025-05-20T08:59:20Z,57,COMPLETED,TWR_B
call_521,sub_48,2025-05-25T06:56:34Z,655,COMPLETED,TWR_C
call_522,sub_48,2025-04-24T22:42:10Z,651,COMPLETED,TWR_B
call_523,sub_48,2025-04-16T09:39:59Z,524,COMPLETED,TWR_B
call_524,sub_48,2025-05-02T17:28:34Z,126,COMPLETED,TWR_B
call_525,sub_48,2025-04-02T07:09:06Z,879,COMPLETED,TWR_C
call_526,sub_48,2025-04-24T03:48:12Z,613,COMPLETED,TWR_B
call_527,sub_48,2025-06-01T01:17:33Z,76,COMPLETED,TWR_C
call_528,sub_48,2025-05-12T05:13:46Z,314,COMPLETED,TWR_A
call_529,sub_48,2025-04-03T17:54:24Z,140,COMPLETED,TWR_C
call_530,sub_48,2025-05-14T02:10:08Z,828,COMPLETED,TWR_C
call_531,sub_49,2025-05-03T07:45:39Z,676,COMPLETED,TWR_B
call_532,sub_49,2025-04-04T03:48:52Z,470,COMPLETED,TWR_C
call_533,sub_49,2025-05-18T23:30:43Z,21,DROPPED,TWR_B
call_534,sub_49,2025-05-22T11:29:48Z,737,COMPLETED,TWR_C
call_535,sub_49,2025-04-28T01:03:19Z,1061,COMPLETED,TWR_B
call_536,sub_49,2025-05-18T03:10:44Z,275,COMPLETED,TWR_B
call_537,sub_49,2025-05-07T01:53:13Z,582,COMPLETED,TWR_B
call_538,sub_49,2025-04-09T22:53:40Z,347,COMPLETED,TWR_A
call_539,sub_49,2025-04-16T05:37:28Z,1037,COMPLETED,TWR_B
call_540,sub_49,2025-05-28T18:42:01Z,250,COMPLETED,TWR_B
call_541,sub_50,2025-05-12T06:55:46Z,684,COMPLETED,TWR_C
call_542,sub_50,2025-05-16T05:10:39Z,63,DROPPED,TWR_A
call_543,sub_50,2025-05-06T03:26:21Z,769,COMPLETED,TWR_C
call_544,sub_50,2025-05-07T15:49:18Z,69,COMPLETED,TWR_B
call_545,sub_50,2025-04-05T05:44:24Z,160,COMPLETED,TWR_B
call_546,sub_50,2025-04-20T14:22:42Z,665,COMPLETED,TWR_C
call_547,sub_50,2025-04-06T02:05:36Z,420,COMPLETED,TWR_C
call_548,sub_50,2025-04-08T17:54:34Z,954,COMPLETED,TWR_A
call_549,sub_50,2025-05-03T17:14:04Z,609,COMPLETED,TWR_C
call_550,sub_50,2025-05-24T22:02:48Z,615,COMPLETED,TWR_B
call_551,sub_51,2025-05-06T20:46:04Z,859,COMPLETED,TWR_B
call_552,sub_51,2025-05-30T04:10:01Z,467,COMPLETED,TWR_B
call_553,sub_51,2025-05-21T00:16:53Z,684,COMPLETED,TWR_B
call_554,sub_51,2025-04-23T18:43:51Z,125,COMPLETED,TWR_B
call_555,sub_51,2025-05-23T22:54:57Z,506,COMPLETED,TWR_A
call_556,sub_51,2025-05-22T22:48:38Z,240,COMPLETED,TWR_B
call_557,sub_51,2025-04-06T13:18:09Z,619,COMPLETED,TWR_A
call_558,sub_51,2025-05-25T10:12:07Z,667,COMPLETED,TWR_A
call_559,sub_51,2025-04-05T06:32:11Z,78,COMPLETED,TWR_B
call_560,sub_51,2025-05-21T00:21:31Z,891,COMPLETED,TWR_C
call_561,sub_52,2025-05-25T03:01:57Z,1056,COMPLETED,TWR_C
call_562,sub_52,2025-05-04T10:00:42Z,402,COMPLETED,TWR_A
call_563,sub_52,2025-05-06T22:14:11Z,1076,COMPLETED,TWR_A
call_564,sub_52,2025-04-25T08:51:04Z,536,COMPLETED,TWR_C
call_565,sub_52,2025-06-01T11:36:47Z,600,COMPLETED,TWR_B
call_566,sub_52,2025-05-17T05:00:43Z,1014,COMPLETED,TWR_C
call_567,sub_52,2025-04-07T04:32:04Z,676,COMPLETED,TWR_B
call_568,sub_52,2025-05-25T17:52:33Z,75,COMPLETED,TWR_B
call_569,sub_52,2025-05-03T06:32:58Z,114,COMPLETED,TWR_C
call_570,sub_52,2025-05-25T23:43:16Z,943,COMPLETED,TWR_B
call_571,sub_53,2025-04-29T21:02:55Z,324,COMPLETED,TWR_B
call_572,sub_53,2025-05-31T10:46:01Z,573,COMPLETED,TWR_A
call_573,sub_53,2025-05-21T12:48:23Z,112,COMPLETED,TWR_C
call_574,sub_53,2025-04-07T01:13:06Z,255,COMPLETED,TWR_B
call_575,sub_53,2025-05-30T02:45:29Z,506,COMPLETED,TWR_B
call_576,sub_53,2025-05-30T07:46:46Z,1072,COMPLETED,TWR_C
call_577,sub_53,2025-05-23T19:05:11Z,64,COMPLETED,TWR_C
call_578,sub_53,2025-04-20T04:02:29Z,72,COMPLETED,TWR_C
call_579,sub_53,2025-04-16T00:22:32Z,573,COMPLETED,TWR_A
call_580,sub_53,2025-05-24T02:42:36Z,1110,COMPLETED,TWR_B
call_581,sub_54,2025-05-03T13:29:58Z,242,COMPLETED,TWR_B
call_582,sub_54,2025-05-21T19:51:24Z,895,COMPLETED,TWR_B
call_583,sub_54,2025-05-25T08:38:26Z,1096,COMPLETED,TWR_C
call_584,sub_54,2025-04-06T20:03:32Z,1186,COMPLETED,TWR_B
call_585,sub_54,2025-04-15T06:47:45Z,41,DROPPED,TWR_A
call_586,sub_54,2025-05-15T08:42:01Z,468,COMPLETED,TWR_C
call_587,sub_54,2025-05-21T00:37:05Z,589,COMPLETED,TWR_C
call_588,sub_54,2025-04-29T05:12:44Z,737,COMPLETED,TWR_C
call_589,sub_54,2025-04-13T02:21:10Z,610,COMPLETED,TWR_A
call_590,sub_54,2025-04-07T16:35:53Z,902,COMPLETED,TWR_B
call_591,sub_55,2025-05-07T14:12:22Z,1098,COMPLETED,TWR_C
call_592,sub_55,2025-04-16T10:52:28Z,40,COMPLETED,TWR_B
call_593,sub_55,2025-04-14T07:33:45Z,1019,COMPLETED,TWR_C
call_594,sub_55,2025-05-20T16:14:45Z,1083,COMPLETED,TWR_B
call_595,sub_55,2025-04-19T17:49:21Z,323,COMPLETED,TWR_B
call_596,sub_55,2025-05-11T03:43:29Z,679,COMPLETED,TWR_C
call_597,sub_55,2025-04-08T16:16:28Z,45,DROPPED,TWR_C
call_598,sub_55,2025-04-02T10:57:56Z,611,COMPLETED,TWR_A
call_599,sub_55,2025-05-19T06:20:10Z,224,COMPLETED,TWR_C
call_600,sub_55,2025-05-28T22:25:56Z,264,COMPLETED,TWR_B
call_601,sub_56,2025-05-20T18:59:51Z,1134,COMPLETED,TWR_C
call_602,sub_56,2025-05-12T20:53:26Z,97,COMPLETED,TWR_A
call_603,sub_56,2025-05-23T19:18:25Z,660,COMPLETED,TWR_A
call_604,sub_56,2025-05-25T02:24:37Z,1017,COMPLETED,TWR_B
call_605,sub_56,2025-05-05T23:25:57Z,59,COMPLETED,TWR_A
call_606,sub_56,2025-05-23T02:16:28Z,962,COMPLETED,TWR_B
call_607,sub_56,2025-05-10T18:13:12Z,375,COMPLETED,TWR_A
call_608,sub_56,2025-04-30T02:08:56Z,490,COMPLETED,TWR_A
call_609,sub_56,2025-05-21T19:00:45Z,798,COMPLETED,TWR_A
call_610,sub_56,2025-05-16T23:44:43Z,1186,COMPLETED,TWR_B
call_611,sub_57,2025-05-28T07:11:36Z,242,COMPLETED,TWR_C
call_612,sub_57,2025-04-04T15:23:06Z,321,COMPLETED,TWR_A
call_613,sub_57,2025-04-02T01:02:33Z,1076,COMPLETED,TWR_C
call_614,sub_57,2025-04-26T20:33:46Z,264,COMPLETED,TWR_B
call_615,sub_57,2025-05-10T19:51:37Z,455,COMPLETED,TWR_C
call_616,sub_57,2025-04-23T13:17:09Z,359,COMPLETED,TWR_A
call_617,sub_57,2025-05-22T18:33:07Z,74,COMPLETED,TWR_A
call_618,sub_57,2025-04-11T18:22:52Z,86,COMPLETED,TWR_A
call_619,sub_57,2025-06-01T08:41:36Z,476,COMPLETED,TWR_C
call_620,sub_57,2025-04-19T12:53:56Z,848,COMPLETED,TWR_A
call_621,sub_58,2025-05-26T12:10:21Z,783,COMPLETED,TWR_B
call_622,sub_58,2025-05-03T02:04:22Z,1179,COMPLETED,TWR_B
call_623,sub_58,2025-05-23T06:16:44Z,466,COMPLETED,TWR_B
call_624,sub_58,2025-04-07T09:13:15Z,304,COMPLETED,TWR_B
call_625,sub_58,2025-05-10T01:31:03Z,173,COMPLETED,TWR_B
call_626,sub_58,2025-04-09T08:43:46Z,1129,COMPLETED,TWR_A
call_627,sub_58,2025-05-05T03:40:25Z,758,COMPLETED,TWR_B
call_628,sub_58,2025-05-10T11:09:29Z,84,COMPLETED,TWR_A
call_629,sub_58,2025-04-26T18:10:10Z,481,COMPLETED,TWR_A
call_630,sub_58,2025-04-25T05:06:25Z,985,COMPLETED,TWR_C
call_631,sub_59,2025-05-31T03:19:30Z,502,COMPLETED,TWR_A
call_632,sub_59,2025-05-17T09:50:13Z,880,COMPLETED,TWR_C
call_633,sub_59,2025-05-24T14:52:54Z,47,COMPLETED,TWR_C
call_634,sub_59,2025-05-27T11:55:00Z,581,COMPLETED,TWR_A
call_635,sub_59,2025-05-25T16:51:41Z,378,COMPLETED,TWR_B
call_636,sub_59,2025-05-19T23:02:11Z,710,COMPLETED,TWR_A
call_637,sub_59,2025-05-19T05:10:50Z,239,COMPLETED,TWR_A
call_638,sub_59,2025-04-30T15:29:24Z,296,COMPLETED,TWR_B
call_639,sub_59,2025-04-07T16:16:54Z,1086,COMPLETED,TWR_B
call_640,sub_59,2025-05-22T05:23:02Z,717,COMPLETED,TWR_C
call_641,sub_60,2025-04-17T07:27:17Z,442,COMPLETED,TWR_B
call_642,sub_60,2025-04-21T06:07:52Z,934,COMPLETED,TWR_B
call_643,sub_60,2025-05-31T23:53:02Z,652,COMPLETED,TWR_A
call_644,sub_60,2025-05-31T08:30:05Z,1001,COMPLETED,TWR_C
call_645,sub_60,2025-04-23T09:50:36Z,30,COMPLETED,TWR_B
call_646,sub_60,2025-04-23T20:31:54Z,617,COMPLETED,TWR_B
call_647,sub_60,2025-04-22T15:31:10Z,484,COMPLETED,TWR_C
call_648,sub_60,2025-05-15T09:00:32Z,1123,COMPLETED,TWR_B
call_649,sub_60,2025-05-21T04:07:19Z,685,COMPLETED,TWR_B
call_650,sub_60,2025-05-28T02:32:02Z,871,COMPLETED,TWR_A
call_651,sub_61,2025-04-21T20:28:39Z,408,COMPLETED,TWR_B
call_652,sub_61,2025-05-03T13:33:30Z,631,COMPLETED,TWR_B
call_653,sub_61,2025-04-15T15:22:08Z,995,COMPLETED,TWR_A
call_654,sub_61,2025-04-28T08:27:42Z,111,COMPLETED,TWR_C
call_655,sub_61,2025-04-03T19:25:00Z,731,COMPLETED,TWR_A
call_656,sub_61,2025-04-13T17:32:07Z,264,COMPLETED,TWR_C
call_657,sub_61,2025-04-02T20:24:42Z,1178,COMPLETED,TWR_A
call_658,sub_61,2025-04-12T07:02:04Z,954,COMPLETED,TWR_A
call_659,sub_61,2025-04-15T05:44:15Z,532,COMPLETED,TWR_C
call_660,sub_61,2025-05-16T13:07:04Z,157,COMPLETED,TWR_A
call_661,sub_62,2025-04-20T16:39:59Z,530,COMPLETED,TWR_C
call_662,sub_62,2025-04-24T01:39:19Z,365,COMPLETED,TWR_B
call_663,sub_62,2025-04-21T23:17:47Z,1077,COMPLETED,TWR_B
call_664,sub_62,2025-04-11T17:37:44Z,412,COMPLETED,TWR_A
call_665,sub_62,2025-04-27T23:26:37Z,179,COMPLETED,TWR_C
call_666,sub_62,2025-05-05T20:14:32Z,918,COMPLETED,TWR_A
call_667,sub_62,2025-04-26T11:42:47Z,424,COMPLETED,TWR_B
call_668,sub_62,2025-06-01T11:25:54Z,68,COMPLETED,TWR_A
call_669,sub_62,2025-05-14T20:59:44Z,393,COMPLETED,TWR_B
call_670,sub_62,2025-05-05T15:51:00Z,226,COMPLETED,TWR_C
call_671,sub_63,2025-04-16T15:56:13Z,971,COMPLETED,TWR_C
call_672,sub_63,2025-05-05T06:51:45Z,524,COMPLETED,TWR_B
call_673,sub_63,2025-05-15T04:18:05Z,1165,COMPLETED,TWR_B
call_674,sub_63,2025-04-24T00:28:07Z,1070,COMPLETED,TWR_B
call_675,sub_63,2025-04-27T15:54:06Z,670,COMPLETED,TWR_B
call_676,sub_63,2025-05-20T23:52:59Z,734,COMPLETED,TWR_B
call_677,sub_63,2025-04-23T08:52:02Z,715,COMPLETED,TWR_B
call_678,sub_63,2025-04-24T02:59:00Z,523,COMPLETED,TWR_B
call_679,sub_63,2025-05-22T21:02:51Z,378,COMPLETED,TWR_B
call_680,sub_63,2025-05-31T01:14:27Z,682,COMPLETED,TWR_A
call_681,sub_64,2025-05-13T00:22:06Z,59,COMPLETED,TWR_B
call_682,sub_64,2025-05-20T01:32:31Z,934,COMPLETED,TWR_A
call_683,sub_64,2025-04-24T03:27:51Z,469,COMPLETED,TWR_B
call_684,sub_64,2025-05-13T14:52:02Z,271,COMPLETED,TWR_A
call_685,sub_64,2025-04-14T08:01:03Z,333,COMPLETED,TWR_A
call_686,sub_64,2025-05-08T05:49:14Z,54,DROPPED,TWR_B
call_687,sub_64,2025-04-17T03:09:20Z,937,COMPLETED,TWR_C
call_688,sub_64,2025-04-22T02:46:54Z,731,COMPLETED,TWR_B
call_689,sub_64,2025-05-31T23:27:49Z,744,COMPLETED,TWR_A
call_690,sub_64,2025-05-22T12:44:50Z,123,COMPLETED,TWR_B
call_691,sub_65,2025-05-21T06:24:10Z,468,COMPLETED,TWR_A
call_692,sub_65,2025-04-11T16:22:39Z,943,COMPLETED,TWR_A
call_693,sub_65,2025-04-12T03:34:44Z,555,COMPLETED,TWR_C
call_694,sub_65,2025-05-20T07:30:03Z,332,COMPLETED,TWR_C
call_695,sub_65,2025-04-22T11:33:40Z,693,COMPLETED,TWR_B
call_696,sub_65,2025-05-22T07:23:21Z,849,COMPLETED,TWR_A
call_697,sub_65,2025-04-01T21:51:07Z,147,COMPLETED,TWR_C
call_698,sub_65,2025-04-17T14:57:36Z,1046,COMPLETED,TWR_A
call_699,sub_65,2025-04-19T15:46:57Z,1061,COMPLETED,TWR_C
call_700,sub_65,2025-04-28T15:00:22Z,871,COMPLETED,TWR_C
call_701,sub_66,2025-05-17T01:54:51Z,560,COMPLETED,TWR_B
call_702,sub_66,2025-04-04T08:03:54Z,585,COMPLETED,TWR_B
call_703,sub_66,2025-04-12T18:54:28Z,713,COMPLETED,TWR_B
call_704,sub_66,2025-05-05T14:53:00Z,248,COMPLETED,TWR_C
call_705,sub_66,2025-04-21T20:13:42Z,316,COMPLETED,TWR_A
call_706,sub_66,2025-05-13T10:20:29Z,821,COMPLETED,TWR_C
call_707,sub_66,2025-06-01T07:33:22Z,353,COMPLETED,TWR_C
call_708,sub_66,2025-04-02T11:38:37Z,919,COMPLETED,TWR_C
call_709,sub_66,2025-05-31T15:17:20Z,398,COMPLETED,TWR_B
call_710,sub_66,2025-05-17T12:06:11Z,165,COMPLETED,TWR_A
call_711,sub_67,2025-05-07T12:05:51Z,217,COMPLETED,TWR_B
call_712,sub_67,2025-05-31T23:47:22Z,1071,COMPLETED,TWR_C
call_713,sub_67,2025-05-28T08:15:48Z,352,COMPLETED,TWR_C
call_714,sub_67,2025-04-15T05:16:46Z,819,COMPLETED,TWR_B
call_715,sub_67,2025-04-21T09:03:29Z,342,COMPLETED,TWR_C
call_716,sub_67,2025-05-21T04:41:35Z,712,COMPLETED,TWR_B
call_717,sub_67,2025-04-27T10:07:55Z,189,COMPLETED,TWR_C
call_718,sub_67,2025-05-12T08:04:02Z,469,COMPLETED,TWR_A
call_719,sub_67,2025-04-20T16:09:55Z,601,COMPLETED,TWR_B
call_720,sub_67,2025-04-13T09:34:23Z,69,COMPLETED,TWR_B
call_721,sub_68,2025-05-04T16:02:41Z,156,COMPLETED,TWR_B
call_722,sub_68,2025-04-23T15:47:33Z,696,COMPLETED,TWR_C
call_723,sub_68,2025-04-19T00:19:17Z,1021,COMPLETED,TWR_B
call_724,sub_68,2025-04-17T06:19:30Z,248,COMPLETED,TWR_B
call_725,sub_68,2025-05-12T21:53:19Z,433,COMPLETED,TWR_C
call_726,sub_68,2025-05-16T18:38:14Z,884,COMPLETED,TWR_B
call_727,sub_68,2025-04-21T12:53:38Z,457,COMPLETED,TWR_B
call_728,sub_68,2025-05-02T05:12:55Z,907,COMPLETED,TWR_A
call_729,sub_68,2025-05-08T17:09:28Z,206,COMPLETED,TWR_A
call_730,sub_68,2025-05-21T04:01:04Z,417,COMPLETED,TWR_C
call_731,sub_69,2025-05-15T22:16:12Z,392,COMPLETED,TWR_B
call_732,sub_69,2025-05-24T06:01:14Z,1140,COMPLETED,TWR_A
call_733,sub_69,2025-05-13T10:33:47Z,127,COMPLETED,TWR_C
call_734,sub_69,2025-05-25T18:35:43Z,534,COMPLETED,TWR_A
call_735,sub_69,2025-05-16T09:40:08Z,365,COMPLETED,TWR_C
call_736,sub_69,2025-04-07T07:32:27Z,448,COMPLETED,TWR_A
call_737,sub_69,2025-05-01T12:39:15Z,759,COMPLETED,TWR_B
call_738,sub_69,2025-05-04T22:32:54Z,1157,COMPLETED,TWR_B
call_739,sub_69,2025-04-14T01:07:34Z,899,COMPLETED,TWR_A
call_740,sub_69,2025-04-26T23:09:32Z,1060,COMPLETED,TWR_B
call_741,sub_70,2025-05-27T07:38:14Z,161,COMPLETED,TWR_C
call_742,sub_70,2025-04-29T12:47:09Z,374,COMPLETED,TWR_B
call_743,sub_70,2025-04-17T11:49:01Z,183,COMPLETED,TWR_B
call_744,sub_70,2025-04-02T10:34:00Z,629,COMPLETED,TWR_B
call_745,sub_70,2025-04-07T12:29:21Z,104,COMPLETED,TWR_B
call_746,sub_70,2025-04-03T04:53:24Z,41,COMPLETED,TWR_B
call_747,sub_70,2025-05-27T13:14:24Z,950,COMPLETED,TWR_A
call_748,sub_70,2025-05-31T10:35:29Z,245,COMPLETED,TWR_C
call_749,sub_70,2025-05-18T20:12:24Z,1048,COMPLETED,TWR_B
call_750,sub_70,2025-05-11T19:52:47Z,1192,COMPLETED,TWR_A
call_751,sub_71,2025-04-15T03:46:03Z,969,COMPLETED,TWR_A
call_752,sub_71,2025-04-26T23:18:15Z,329,COMPLETED,TWR_B
call_753,sub_71,2025-04-22T18:04:05Z,618,COMPLETED,TWR_C
call_754,sub_71,2025-05-10T11:28:41Z,1066,COMPLETED,TWR_A
call_755,sub_71,2025-04-07T15:13:51Z,65,DROPPED,TWR_A
call_756,sub_71,2025-05-29T07:30:27Z,806,COMPLETED,TWR_A
call_757,sub_71,2025-04-26T20:48:34Z,664,COMPLETED,TWR_C
call_758,sub_71,2025-05-24T17:47:37Z,567,COMPLETED,TWR_A
call_759,sub_71,2025-05-10T19:06:41Z,793,COMPLETED,TWR_B
call_760,sub_71,2025-04-16T01:54:07Z,1142,COMPLETED,TWR_C
call_761,sub_72,2025-04-08T12:00:16Z,392,COMPLETED,TWR_C
call_762,sub_72,2025-05-02T07:45:59Z,683,COMPLETED,TWR_B
call_763,sub_72,2025-04-07T05:00:34Z,909,COMPLETED,TWR_C
call_764,sub_72,2025-04-28T03:27:25Z,84,COMPLETED,TWR_C
call_765,sub_72,2025-04-13T08:40:03Z,589,COMPLETED,TWR_C
call_766,sub_72,2025-05-23T10:21:28Z,1011,COMPLETED,TWR_C
call_767,sub_72,2025-04-02T12:15:46Z,577,COMPLETED,TWR_C
call_768,sub_72,2025-06-01T05:01:09Z,631,COMPLETED,TWR_B
call_769,sub_72,2025-04-05T09:54:46Z,891,COMPLETED,TWR_A
call_770,sub_72,2025-05-11T16:18:51Z,1195,COMPLETED,TWR_C
call_771,sub_73,2025-04-10T21:42:04Z,195,COMPLETED,TWR_C
call_772,sub_73,2025-04-26T19:46:30Z,374,COMPLETED,TWR_C
call_773,sub_73,2025-04-12T04:01:22Z,458,COMPLETED,TWR_A
call_774,sub_73,2025-05-13T15:24:05Z,1099,COMPLETED,TWR_A
call_775,sub_73,2025-05-23T12:04:25Z,607,COMPLETED,TWR_C
call_776,sub_73,2025-04-09T03:50:27Z,785,COMPLETED,TWR_A
call_777,sub_73,2025-04-27T02:40:19Z,257,COMPLETED,TWR_B
call_778,sub_73,2025-04-07T17:16:47Z,1005,COMPLETED,TWR_A
call_779,sub_73,2025-04-01T15:34:20Z,326,COMPLETED,TWR_B
call_780,sub_73,2025-04-24T03:17:16Z,1052,COMPLETED,TWR_A
call_781,sub_74,2025-05-18T14:09:11Z,743,COMPLETED,TWR_B
call_782,sub_74,2025-05-03T21:38:38Z,644,COMPLETED,TWR_B
call_783,sub_74,2025-04-22T10:45:46Z,797,COMPLETED,TWR_B
call_784,sub_74,2025-05-04T17:00:49Z,753,COMPLETED,TWR_A
call_785,sub_74,2025-05-16T10:50:17Z,688,COMPLETED,TWR_A
call_786,sub_74,2025-05-20T14:22:07Z,50,COMPLETED,TWR_C
call_787,sub_74,2025-05-08T00:26:51Z,180,COMPLETED,TWR_A
call_788,sub_74,2025-04-03T20:31:09Z,53,COMPLETED,TWR_C
call_789,sub_74,2025-04-28T02:25:56Z,484,COMPLETED,TWR_A
call_790,sub_74,2025-04-13T23:10:32Z,796,COMPLETED,TWR_B
call_791,sub_75,2025-04-27T23:51:13Z,1045,COMPLETED,TWR_A
call_792,sub_75,2025-04-11T06:45:15Z,418,COMPLETED,TWR_A
call_793,sub_75,2025-05-31T11:13:35Z,250,COMPLETED,TWR_A
call_794,sub_75,2025-05-09T16:32:37Z,747,COMPLETED,TWR_B
call_795,sub_75,2025-04-21T04:57:02Z,1080,COMPLETED,TWR_A
call_796,sub_75,2025-05-12T07:58:18Z,433,COMPLETED,TWR_B
call_797,sub_75,2025-04-06T13:11:50Z,776,COMPLETED,TWR_A
call_798,sub_75,2025-04-07T02:59:49Z,360,COMPLETED,TWR_C
call_799,sub_75,2025-04-12T07:00:58Z,379,COMPLETED,TWR_B
call_800,sub_75,2025-04-07T23:37:41Z,197,COMPLETED,TWR_C
call_801,sub_76,2025-04-11T07:09:40Z,100,COMPLETED,TWR_C
call_802,sub_76,2025-04-15T22:53:16Z,88,DROPPED,TWR_C
call_803,sub_76,2025-05-30T01:10:46Z,1096,COMPLETED,TWR_A
call_804,sub_76,2025-05-26T09:33:47Z,825,COMPLETED,TWR_C
call_805,sub_76,2025-05-13T12:21:10Z,606,COMPLETED,TWR_B
call_806,sub_76,2025-05-29T09:45:12Z,839,COMPLETED,TWR_C
call_807,sub_76,2025-04-23T11:53:18Z,51,COMPLETED,TWR_B
call_808,sub_76,2025-05-15T15:58:47Z,563,COMPLETED,TWR_C
call_809,sub_76,2025-04-06T10:41:57Z,1165,COMPLETED,TWR_B
call_810,sub_76,2025-04-17T17:12:26Z,307,COMPLETED,TWR_A
call_811,sub_77,2025-05-16T01:42:28Z,122,COMPLETED,TWR_B
call_812,sub_77,2025-04-26T04:32:19Z,847,COMPLETED,TWR_A
call_813,sub_77,2025-05-20T05:36:21Z,145,COMPLETED,TWR_C
call_814,sub_77,2025-05-15T05:25:11Z,837,COMPLETED,TWR_B
call_815,sub_77,2025-04-05T01:59:27Z,243,COMPLETED,TWR_C
call_816,sub_77,2025-04-04T22:35:27Z,620,COMPLETED,TWR_C
call_817,sub_77,2025-05-01T09:36:52Z,616,COMPLETED,TWR_C
call_818,sub_77,2025-05-18T11:31:17Z,391,COMPLETED,TWR_B
call_819,sub_77,2025-05-05T21:57:46Z,927,COMPLETED,TWR_B
call_820,sub_77,2025-04-16T11:23:15Z,91,COMPLETED,TWR_B
call_821,sub_78,2025-04-01T14:21:59Z,599,COMPLETED,TWR_C
call_822,sub_78,2025-05-13T01:43:52Z,1096,COMPLETED,TWR_C
call_823,sub_78,2025-05-24T08:29:32Z,889,COMPLETED,TWR_C
call_824,sub_78,2025-04-12T19:19:03Z,38,COMPLETED,TWR_B
call_825,sub_78,2025-04-16T21:18:20Z,57,COMPLETED,TWR_A
call_826,sub_78,2025-04-07T16:50:47Z,375,COMPLETED,TWR_C
call_827,sub_78,2025-04-04T21:54:34Z,1017,COMPLETED,TWR_A
call_828,sub_78,2025-05-11T04:35:07Z,492,COMPLETED,TWR_A
call_829,sub_78,2025-05-06T19:15:25Z,1102,COMPLETED,TWR_C
call_830,sub_78,2025-04-09T11:37:33Z,944,COMPLETED,TWR_A
call_831,sub_79,2025-04-23T03:31:39Z,161,COMPLETED,TWR_A
call_832,sub_79,2025-05-16T04:36:15Z,1036,COMPLETED,TWR_B
call_833,sub_79,2025-05-25T03:28:42Z,574,COMPLETED,TWR_C
call_834,sub_79,2025-04-20T16:58:45Z,729,COMPLETED,TWR_A
call_835,sub_79,2025-05-13T22:24:31Z,657,COMPLETED,TWR_A
call_836,sub_79,2025-05-27T23:39:57Z,253,COMPLETED,TWR_C
call_837,sub_79,2025-04-04T11:30:35Z,214,COMPLETED,TWR_B
call_838,sub_79,2025-05-27T11:46:35Z,131,COMPLETED,TWR_C
call_839,sub_79,2025-05-08T15:20:09Z,529,COMPLETED,TWR_C
call_840,sub_79,2025-04-26T14:47:38Z,976,COMPLETED,TWR_C
call_841,sub_80,2025-05-03T08:48:31Z,332,COMPLETED,TWR_C
call_842,sub_80,2025-05-20T02:07:54Z,736,COMPLETED,TWR_C
call_843,sub_80,2025-04-22T04:25:14Z,278,COMPLETED,TWR_C
call_844,sub_80,2025-04-10T11:01:48Z,266,COMPLETED,TWR_A
call_845,sub_80,2025-04-17T05:32:20Z,1162,COMPLETED,TWR_A
call_846,sub_80,2025-04-24T14:42:19Z,494,COMPLETED,TWR_A
call_847,sub_80,2025-05-11T19:14:09Z,66,DROPPED,TWR_C
call_848,sub_80,2025-05-16T06:47:40Z,499,COMPLETED,TWR_B
call_849,sub_80,2025-05-20T23:47:41Z,1004,COMPLETED,TWR_A
call_850,sub_80,2025-04-16T19:26:14Z,916,COMPLETED,TWR_C
call_851,sub_81,2025-05-18T11:57:20Z,1136,COMPLETED,TWR_C
call_852,sub_81,2025-05-20T00:13:52Z,635,COMPLETED,TWR_B
call_853,sub_81,2025-05-14T16:44:29Z,857,COMPLETED,TWR_A
call_854,sub_81,2025-04-19T18:11:32Z,770,COMPLETED,TWR_C
call_855,sub_81,2025-04-29T10:59:13Z,838,COMPLETED,TWR_A
call_856,sub_81,2025-04-29T03:13:55Z,462,COMPLETED,TWR_B
call_857,sub_81,2025-04-08T06:16:24Z,902,COMPLETED,TWR_C
call_858,sub_81,2025-05-20T09:27:11Z,471,COMPLETED,TWR_B
call_859,sub_81,2025-05-07T06:55:29Z,1093,COMPLETED,TWR_B
call_860,sub_81,2025-04-09T08:13:13Z,508,COMPLETED,TWR_C
call_861,sub_82,2025-05-09T18:37:53Z,975,COMPLETED,TWR_A
call_862,sub_82,2025-05-20T18:36:56Z,1082,COMPLETED,TWR_A
call_863,sub_82,2025-04-10T17:31:39Z,367,COMPLETED,TWR_A
call_864,sub_82,2025-04-30T23:33:54Z,612,COMPLETED,TWR_C
call_865,sub_82,2025-05-11T03:08:51Z,183,COMPLETED,TWR_A
call_866,sub_82,2025-04-17T23:24:15Z,249,COMPLETED,TWR_C
call_867,sub_82,2025-04-18T16:28:32Z,478,COMPLETED,TWR_B
call_868,sub_82,2025-05-02T11:20:54Z,1105,COMPLETED,TWR_C
call_869,sub_82,2025-04-19T17:06:19Z,821,COMPLETED,TWR_B
call_870,sub_82,2025-05-29T06:23:10Z,1021,COMPLETED,TWR_A
call_871,sub_83,2025-05-17T00:59:03Z,977,COMPLETED,TWR_C
call_872,sub_83,2025-05-15T01:24:08Z,37,COMPLETED,TWR_C
call_873,sub_83,2025-05-28T01:02:34Z,623,COMPLETED,TWR_C
call_874,sub_83,2025-05-09T12:10:13Z,566,COMPLETED,TWR_B
call_875,sub_83,2025-05-18T12:27:59Z,473,COMPLETED,TWR_A
call_876,sub_83,2025-04-15T18:50:27Z,746,COMPLETED,TWR_B
call_877,sub_83,2025-05-16T13:18:22Z,68,COMPLETED,TWR_B
call_878,sub_83,2025-05-26T12:00:10Z,1076,COMPLETED,TWR_A
call_879,sub_83,2025-05-11T00:47:24Z,932,COMPLETED,TWR_A
call_880,sub_83,2025-05-30T20:35:09Z,1103,COMPLETED,TWR_C
call_881,sub_84,2025-05-14T06:54:01Z,1081,COMPLETED,TWR_C
call_882,sub_84,2025-05-10T13:04:26Z,754,COMPLETED,TWR_A
call_883,sub_84,2025-04-20T21:11:44Z,669,COMPLETED,TWR_C
call_884,sub_84,2025-04-11T01:19:54Z,646,COMPLETED,TWR_B
call_885,sub_84,2025-04-26T02:32:09Z,187,COMPLETED,TWR_A
call_886,sub_84,2025-05-01T16:42:44Z,718,COMPLETED,TWR_B
call_887,sub_84,2025-05-23T12:13:17Z,89,COMPLETED,TWR_B
call_888,sub_84,2025-04-06T03:28:33Z,107,COMPLETED,TWR_A
call_889,sub_84,2025-04-22T20:48:06Z,734,COMPLETED,TWR_C
call_890,sub_84,2025-04-06T16:55:00Z,294,COMPLETED,TWR_A
call_891,sub_85,2025-04-18T05:50:41Z,1196,COMPLETED,TWR_B
call_892,sub_85,2025-04-20T19:20:50Z,881,COMPLETED,TWR_A
call_893,sub_85,2025-04-07T02:38:09Z,1087,COMPLETED,TWR_A
call_894,sub_85,2025-04-10T21:25:12Z,834,COMPLETED,TWR_B
call_895,sub_85,2025-05-05T23:18:45Z,774,COMPLETED,TWR_A
call_896,sub_85,2025-04-19T21:54:21Z,832,COMPLETED,TWR_B
call_897,sub_85,2025-04-18T20:53:00Z,444,COMPLETED,TWR_C
call_898,sub_85,2025-05-03T06:54:45Z,713,COMPLETED,TWR_B
call_899,sub_85,2025-04-27T06:13:50Z,735,COMPLETED,TWR_A
call_900,sub_85,2025-04-19T23:07:24Z,1076,COMPLETED,TWR_B
call_901,sub_86,2025-04-14T19:48:02Z,455,COMPLETED,TWR_C
call_902,sub_86,2025-05-09T08:54:32Z,832,COMPLETED,TWR_C
call_903,sub_86,2025-04-06T21:24:33Z,494,COMPLETED,TWR_C
call_904,sub_86,2025-05-05T11:48:50Z,193,COMPLETED,TWR_B
call_905,sub_86,2025-04-02T06:35:41Z,203,COMPLETED,TWR_B
call_906,sub_86,2025-05-07T12:25:51Z,629,COMPLETED,TWR_C
call_907,sub_86,2025-05-11T14:13:47Z,310,COMPLETED,TWR_A
call_908,sub_86,2025-05-18T06:04:24Z,1089,COMPLETED,TWR_B
call_909,sub_86,2025-05-20T11:38:39Z,1045,COMPLETED,TWR_B
call_910,sub_86,2025-04-29T21:10:37Z,1173,COMPLETED,TWR_C
call_911,sub_87,2025-04-05T00:41:01Z,945,COMPLETED,TWR_C
call_912,sub_87,2025-05-09T10:34:33Z,1105,COMPLETED,TWR_C
call_913,sub_87,2025-04-12T12:05:18Z,200,COMPLETED,TWR_B
call_914,sub_87,2025-05-15T14:36:56Z,895,COMPLETED,TWR_C
call_915,sub_87,2025-05-14T19:15:42Z,821,COMPLETED,TWR_C
call_916,sub_87,2025-05-10T12:46:51Z,264,COMPLETED,TWR_A
call_917,sub_87,2025-04-22T11:28:20Z,99,COMPLETED,TWR_A
call_918,sub_87,2025-05-12T04:53:28Z,733,COMPLETED,TWR_C
call_919,sub_87,2025-04-16T00:54:26Z,593,COMPLETED,TWR_A
call_920,sub_87,2025-04-27T09:25:56Z,692,COMPLETED,TWR_C
call_921,sub_88,2025-04-27T12:17:22Z,597,COMPLETED,TWR_B
call_922,sub_88,2025-04-10T13:31:19Z,945,COMPLETED,TWR_C
call_923,sub_88,2025-05-13T18:52:38Z,893,COMPLETED,TWR_A
call_924,sub_88,2025-05-15T00:11:52Z,288,COMPLETED,TWR_A
call_925,sub_88,2025-05-04T18:57:12Z,343,COMPLETED,TWR_A
call_926,sub_88,2025-05-21T13:06:37Z,528,COMPLETED,TWR_C
call_927,sub_88,2025-04-07T07:57:46Z,223,COMPLETED,TWR_B
call_928,sub_88,2025-04-09T05:32:25Z,1103,COMPLETED,TWR_B
call_929,sub_88,2025-05-22T01:02:50Z,850,COMPLETED,TWR_C
call_930,sub_88,2025-04-05T05:11:22Z,1196,COMPLETED,TWR_C
call_931,sub_89,2025-04-16T03:24:24Z,691,COMPLETED,TWR_B
call_932,sub_89,2025-04-08T19:00:24Z,758,COMPLETED,TWR_A
call_933,sub_89,2025-04-27T03:51:26Z,482,COMPLETED,TWR_B
call_934,sub_89,2025-04-13T23:29:17Z,57,COMPLETED,TWR_B
call_935,sub_89,2025-04-08T17:06:37Z,996,COMPLETED,TWR_A
call_936,sub_89,2025-04-30T11:16:12Z,35,DROPPED,TWR_B
call_937,sub_89,2025-04-02T03:10:33Z,148,COMPLETED,TWR_A
call_938,sub_89,2025-05-26T20:47:17Z,1040,COMPLETED,TWR_C
call_939,sub_89,2025-04-29T23:53:49Z,218,COMPLETED,TWR_C
call_940,sub_89,2025-05-22T15:59:29Z,831,COMPLETED,TWR_C
call_941,sub_90,2025-05-18T15:20:25Z,787,COMPLETED,TWR_B
call_942,sub_90,2025-05-13T09:05:44Z,842,COMPLETED,TWR_A
call_943,sub_90,2025-04-29T11:44:49Z,822,COMPLETED,TWR_A
call_944,sub_90,2025-04-18T17:08:11Z,417,COMPLETED,TWR_C
call_945,sub_90,2025-05-08T07:48:04Z,251,COMPLETED,TWR_C
call_946,sub_90,2025-04-05T19:07:51Z,658,COMPLETED,TWR_B
call_947,sub_90,2025-04-27T00:37:57Z,852,COMPLETED,TWR_B
call_948,sub_90,2025-05-07T02:12:22Z,862,COMPLETED,TWR_A
call_949,sub_90,2025-05-11T05:03:39Z,1181,COMPLETED,TWR_B
call_950,sub_90,2025-05-12T06:00:48Z,805,COMPLETED,TWR_C
call_951,sub_91,2025-05-18T13:24:56Z,257,COMPLETED,TWR_A
call_952,sub_91,2025-04-18T06:15:10Z,1001,COMPLETED,TWR_B
call_953,sub_91,2025-05-19T05:11:14Z,805,COMPLETED,TWR_B
call_954,sub_91,2025-05-25T08:44:40Z,39,COMPLETED,TWR_A
call_955,sub_91,2025-04-29T13:00:59Z,1142,COMPLETED,TWR_C
call_956,sub_91,2025-05-02T06:08:53Z,159,COMPLETED,TWR_A
call_957,sub_91,2025-05-23T07:09:04Z,220,COMPLETED,TWR_B
call_958,sub_91,2025-05-19T20:47:07Z,360,COMPLETED,TWR_A
call_959,sub_91,2025-05-28T20:53:49Z,663,COMPLETED,TWR_A
call_960,sub_91,2025-05-25T18:33:00Z,86,COMPLETED,TWR_B
call_961,sub_92,2025-04-30T00:27:25Z,227,COMPLETED,TWR_C
call_962,sub_92,2025-04-19T15:15:10Z,464,COMPLETED,TWR_C
call_963,sub_92,2025-04-03T01:29:52Z,1010,COMPLETED,TWR_A
call_964,sub_92,2025-05-20T23:46:54Z,1104,COMPLETED,TWR_A
call_965,sub_92,2025-04-26T23:25:42Z,1038,COMPLETED,TWR_A
call_966,sub_92,2025-04-27T10:23:12Z,1157,COMPLETED,TWR_B
call_967,sub_92,2025-05-05T11:31:09Z,878,COMPLETED,TWR_C
call_968,sub_92,2025-04-08T21:59:54Z,950,COMPLETED,TWR_B
call_969,sub_92,2025-04-30T10:28:44Z,124,COMPLETED,TWR_B
call_970,sub_92,2025-04-17T17:34:30Z,50,COMPLETED,TWR_A
call_971,sub_93,2025-05-26T20:09:41Z,47,COMPLETED,TWR_A
call_972,sub_93,2025-05-04T14:03:10Z,423,COMPLETED,TWR_C
call_973,sub_93,2025-04-19T07:56:37Z,11,DROPPED,TWR_B
call_974,sub_93,2025-04-20T01:42:51Z,174,COMPLETED,TWR_A
call_975,sub_93,2025-04-11T04:23:41Z,653,COMPLETED,TWR_A
call_976,sub_93,2025-05-19T19:17:15Z,61,COMPLETED,TWR_C
call_977,sub_93,2025-05-14T13:59:00Z,308,COMPLETED,TWR_A
call_978,sub_93,2025-05-05T20:08:37Z,533,COMPLETED,TWR_A
call_979,sub_93,2025-05-26T15:27:33Z,834,COMPLETED,TWR_C
call_980,sub_93,2025-04-20T16:08:31Z,1177,COMPLETED,TWR_C
call_981,sub_94,2025-04-25T07:25:04Z,135,COMPLETED,TWR_A
call_982,sub_94,2025-05-06T09:33:55Z,176,COMPLETED,TWR_B
call_983,sub_94,2025-05-09T11:00:31Z,371,COMPLETED,TWR_C
call_984,sub_94,2025-04-30T22:20:15Z,662,COMPLETED,TWR_B
call_985,sub_94,2025-05-02T11:59:30Z,970,COMPLETED,TWR_C
call_986,sub_94,2025-04-12T07:21:22Z,566,COMPLETED,TWR_C
call_987,sub_94,2025-04-07T06:38:42Z,628,COMPLETED,TWR_C
call_988,sub_94,2025-05-31T20:42:33Z,849,COMPLETED,TWR_B
call_989,sub_94,2025-04-17T14:23:58Z,1179,COMPLETED,TWR_A
call_990,sub_94,2025-05-06T08:11:32Z,382,COMPLETED,TWR_C
call_991,sub_95,2025-05-11T22:09:10Z,744,COMPLETED,TWR_A
call_992,sub_95,2025-04-28T12:19:45Z,965,COMPLETED,TWR_A
call_993,sub_95,2025-04-27T08:42:57Z,182,COMPLETED,TWR_C
call_994,sub_95,2025-05-17T00:25:56Z,969,COMPLETED,TWR_C
call_995,sub_95,2025-04-22T18:13:13Z,744,COMPLETED,TWR_C
call_996,sub_95,2025-04-03T05:38:47Z,86,COMPLETED,TWR_C
call_997,sub_95,2025-05-17T08:34:11Z,1180,COMPLETED,TWR_B
call_998,sub_95,2025-04-07T16:32:52Z,303,COMPLETED,TWR_B
call_999,sub_95,2025-04-07T02:06:05Z,789,COMPLETED,TWR_C
call_1000,sub_95,2025-05-22T19:10:33Z,1170,COMPLETED,TWR_B
call_1001,sub_96,2025-05-24T03:36:53Z,1072,COMPLETED,TWR_C
call_1002,sub_96,2025-04-25T11:32:00Z,226,COMPLETED,TWR_C
call_1003,sub_96,2025-05-03T08:36:09Z,68,DROPPED,TWR_A
call_1004,sub_96,2025-05-07T13:00:09Z,170,COMPLETED,TWR_B
call_1005,sub_96,2025-05-19T16:03:47Z,1133,COMPLETED,TWR_C
call_1006,sub_96,2025-05-02T09:19:47Z,562,COMPLETED,TWR_B
call_1007,sub_96,2025-05-23T04:35:08Z,867,COMPLETED,TWR_A
call_1008,sub_96,2025-04-14T14:02:21Z,373,COMPLETED,TWR_B
call_1009,sub_96,2025-04-20T22:40:23Z,535,COMPLETED,TWR_A
call_1010,sub_96,2025-04-11T05:31:17Z,441,COMPLETED,TWR_B
call_1011,sub_97,2025-04-25T16:44:06Z,850,COMPLETED,TWR_B
call_1012,sub_97,2025-05-26T13:37:09Z,675,COMPLETED,TWR_A
call_1013,sub_97,2025-04-28T23:56:53Z,1084,COMPLETED,TWR_A
call_1014,sub_97,2025-04-04T07:22:00Z,1053,COMPLETED,TWR_B
call_1015,sub_97,2025-05-17T23:27:43Z,1163,COMPLETED,TWR_A
call_1016,sub_97,2025-05-03T22:30:30Z,268,COMPLETED,TWR_A
call_1017,sub_97,2025-05-05T02:32:25Z,647,COMPLETED,TWR_B
call_1018,sub_97,2025-04-04T05:07:17Z,1125,COMPLETED,TWR_A
call_1019,sub_97,2025-05-14T04:04:38Z,773,COMPLETED,TWR_C
call_1020,sub_97,2025-05-28T10:48:17Z,715,COMPLETED,TWR_B
call_1021,sub_98,2025-04-15T22:20:06Z,682,COMPLETED,TWR_A
call_1022,sub_98,2025-04-09T04:48:41Z,281,COMPLETED,TWR_A
call_1023,sub_98,2025-04-19T11:47:12Z,240,COMPLETED,TWR_B
call_1024,sub_98,2025-04-10T12:54:35Z,855,COMPLETED,TWR_B
call_1025,sub_98,2025-05-15T06:00:20Z,959,COMPLETED,TWR_B
call_1026,sub_98,2025-04-02T20:14:04Z,150,COMPLETED,TWR_C
call_1027,sub_98,2025-05-08T08:07:59Z,86,COMPLETED,TWR_A
call_1028,sub_98,2025-04-24T00:57:08Z,1006,COMPLETED,TWR_C
call_1029,sub_98,2025-05-31T03:19:05Z,577,COMPLETED,TWR_A
call_1030,sub_98,2025-04-10T19:53:13Z,317,COMPLETED,TWR_B
call_1031,sub_99,2025-04-10T14:21:45Z,925,COMPLETED,TWR_C
call_1032,sub_99,2025-05-26T18:35:19Z,124,COMPLETED,TWR_B
call_1033,sub_99,2025-04-05T07:37:43Z,67,COMPLETED,TWR_C
call_1034,sub_99,2025-05-21T06:50:03Z,1075,COMPLETED,TWR_C
call_1035,sub_99,2025-05-01T09:44:02Z,556,COMPLETED,TWR_A
call_1036,sub_99,2025-04-26T21:22:56Z,163,COMPLETED,TWR_C
call_1037,sub_99,2025-05-23T21:14:21Z,206,COMPLETED,TWR_C
call_1038,sub_99,2025-04-15T05:43:45Z,497,COMPLETED,TWR_B
call_1039,sub_99,2025-04-25T23:04:05Z,796,COMPLETED,TWR_B
call_1040,sub_99,2025-05-31T16:21:54Z,1070,COMPLETED,TWR_C
call_1041,sub_100,2025-05-01T03:28:59Z,534,COMPLETED,TWR_C
call_1042,sub_100,2025-05-15T05:30:53Z,520,COMPLETED,TWR_C
call_1043,sub_100,2025-04-29T05:37:35Z,53,DROPPED,TWR_B
call_1044,sub_100,2025-05-28T04:30:23Z,255,COMPLETED,TWR_C
call_1045,sub_100,2025-05-31T10:27:53Z,72,DROPPED,TWR_C
call_1046,sub_100,2025-04-27T12:02:12Z,127,COMPLETED,TWR_B
call_1047,sub_100,2025-05-04T06:09:47Z,543,COMPLETED,TWR_B
call_1048,sub_100,2025-04-07T12:21:26Z,211,COMPLETED,TWR_C
call_1049,sub_100,2025-05-08T22:00:13Z,964,COMPLETED,TWR_C
call_1050,sub_100,2025-05-16T19:51:00Z,167,COMPLETED,TWR_A
