event_id,user_id,timestamp,event_type,session_hash
evt_1,usr_1,2025-04-08T04:07:10Z,export,sess_964442
evt_2,usr_1,2025-05-14T15:38:05Z,export,sess_282120
evt_3,usr_1,2025-05-10T16:41:41Z,export,sess_789654
evt_4,usr_1,2025-05-12T20:48:36Z,feature_a,sess_259046
evt_5,usr_1,2025-04-19T18:21:46Z,feature_a,sess_637699
evt_6,usr_1,2025-05-03T19:19:30Z,logout,sess_927045
evt_7,usr_1,2025-05-17T08:49:47Z,export,sess_672596
evt_8,usr_1,2025-04-18T09:43:04Z,export,sess_622711
evt_9,usr_1,2025-05-01T09:58:20Z,logout,sess_751074
evt_10,usr_1,2025-04-26T08:42:08Z,logout,sess_252455
evt_11,usr_1,2025-05-03T16:46:44Z,export,sess_500667
evt_12,usr_1,2025-04-26T17:13:02Z,export,sess_938233
evt_13,usr_1,2025-04-28T13:17:44Z,feature_a,sess_749670
evt_14,usr_1,2025-05-09T21:50:18Z,login,sess_568492
evt_15,usr_1,2025-04-30T21:12:44Z,login,sess_216406
evt_16,usr_2,2025-05-07T12:55:44Z,logout,sess_233004
evt_17,usr_2,2025-05-02T22:40:47Z,export,sess_494113
evt_18,usr_2,2025-05-14T08:55:48Z,export,sess_756716
evt_19,usr_2,2025-04-07T13:13:21Z,export,sess_942525
evt_20,usr_2,2025-04-03T21:17:45Z,export,sess_531432
evt_21,usr_2,2025-04-29T20:21:15Z,export,sess_987967
evt_22,usr_2,2025-05-01T15:41:17Z,login,sess_956074
evt_23,usr_2,2025-04-10T05:29:49Z,export,sess_865479
evt_24,usr_2,2025-05-16T09:03:16Z,export,sess_209729
evt_25,usr_2,2025-05-01T11:13:23Z,login,sess_717486
evt_26,usr_2,2025-05-14T09:42:14Z,logout,sess_508885
evt_27,usr_2,2025-04-12T01:38:56Z,export,sess_365822
evt_28,usr_2,2025-05-15T04:25:51Z,feature_b,sess_498082
evt_29,usr_2,2025-04-16T23:37:37Z,export,sess_926596
evt_30,usr_2,2025-04-20T22:55:21Z,logout,sess_199529
evt_31,usr_3,2025-04-17T15:36:52Z,login,sess_702216
evt_32,usr_3,2025-05-04T16:46:37Z,logout,sess_208207
evt_33,usr_3,2025-04-03T17:28:10Z,export,sess_837818
evt_34,usr_3,2025-05-22T15:53:19Z,login,sess_510574
evt_35,usr_3,2025-04-24T07:09:27Z,login,sess_727635
evt_36,usr_3,2025-04-23T23:53:29Z,export,sess_593440
evt_37,usr_3,2025-04-20T20:52:47Z,logout,sess_503902
evt_38,usr_3,2025-05-23T08:16:30Z,export,sess_147723
evt_39,usr_3,2025-04-06T07:22:02Z,feature_a,sess_189982
evt_40,usr_3,2025-05-27T18:57:45Z,logout,sess_774480
evt_41,usr_3,2025-04-24T21:19:23Z,login,sess_163181
evt_42,usr_3,2025-04-29T21:12:31Z,login,sess_297221
evt_43,usr_3,2025-04-01T14:46:50Z,export,sess_470405
evt_44,usr_3,2025-05-17T07:50:42Z,login,sess_793227
evt_45,usr_3,2025-04-18T07:35:43Z,logout,sess_632766
evt_46,usr_4,2025-04-14T08:19:03Z,feature_a,sess_467904
evt_47,usr_4,2025-04-01T13:13:15Z,feature_b,sess_629475
evt_48,usr_4,2025-05-19T13:54:33Z,export,sess_132453
evt_49,usr_4,2025-04-26T00:32:44Z,feature_a,sess_526718
evt_50,usr_4,2025-04-18T09:42:52Z,export,sess_615211
evt_51,usr_4,2025-05-21T21:50:49Z,export,sess_731801
evt_52,usr_4,2025-05-14T21:54:31Z,feature_b,sess_687189
evt_53,usr_4,2025-04-10T06:05:22Z,export,sess_808688
evt_54,usr_4,2025-04-15T07:16:22Z,export,sess_488275
evt_55,usr_4,2025-04-05T23:22:02Z,export,sess_424591
evt_56,usr_4,2025-05-05T16:36:03Z,logout,sess_763034
evt_57,usr_4,2025-05-12T08:55:18Z,export,sess_928950
evt_58,usr_4,2025-05-04T18:23:55Z,export,sess_568247
evt_59,usr_4,2025-04-25T06:05:53Z,logout,sess_383005
evt_60,usr_4,2025-05-12T02:47:09Z,login,sess_544726
evt_61,usr_5,2025-05-09T02:41:31Z,export,sess_400265
evt_62,usr_5,2025-04-16T11:44:34Z,feature_a,sess_780873
evt_63,usr_5,2025-05-08T23:23:53Z,login,sess_740354
evt_64,usr_5,2025-04-26T08:01:06Z,logout,sess_928328
evt_65,usr_5,2025-05-21T12:15:39Z,export,sess_280432
evt_66,usr_5,2025-04-24T15:51:45Z,logout,sess_685852
evt_67,usr_5,2025-05-11T08:36:07Z,export,sess_858651
evt_68,usr_5,2025-04-07T02:34:42Z,login,sess_851910
evt_69,usr_5,2025-05-28T17:52:20Z,export,sess_531745
evt_70,usr_5,2025-04-17T00:44:11Z,login,sess_375709
evt_71,usr_5,2025-04-07T07:39:28Z,logout,sess_946648
evt_72,usr_5,2025-05-04T10:55:43Z,feature_a,sess_273304
evt_73,usr_5,2025-05-20T04:59:27Z,export,sess_996048
evt_74,usr_5,2025-04-07T21:55:32Z,export,sess_112516
evt_75,usr_5,2025-05-02T09:58:53Z,feature_a,sess_856520
evt_76,usr_6,2025-04-04T20:54:17Z,login,sess_667748
evt_77,usr_6,2025-04-22T11:47:42Z,login,sess_404969
evt_78,usr_6,2025-04-05T05:46:48Z,logout,sess_122340
evt_79,usr_6,2025-04-15T19:25:15Z,feature_b,sess_503386
evt_80,usr_6,2025-05-14T08:34:57Z,login,sess_638628
evt_81,usr_6,2025-05-07T02:01:39Z,export,sess_350219
evt_82,usr_6,2025-05-09T23:22:49Z,logout,sess_670392
evt_83,usr_6,2025-04-28T16:44:02Z,export,sess_658321
evt_84,usr_6,2025-04-11T12:21:57Z,logout,sess_785288
evt_85,usr_6,2025-05-08T23:38:18Z,logout,sess_748625
evt_86,usr_6,2025-04-21T21:02:22Z,logout,sess_803803
evt_87,usr_6,2025-04-24T10:13:12Z,export,sess_202693
evt_88,usr_6,2025-05-12T16:34:44Z,export,sess_496079
evt_89,usr_6,2025-04-01T12:55:25Z,logout,sess_688691
evt_90,usr_6,2025-04-27T09:25:34Z,feature_a,sess_986119
evt_91,usr_7,2025-04-17T18:52:55Z,export,sess_107312
evt_92,usr_7,2025-04-02T15:13:45Z,export,sess_454092
evt_93,usr_7,2025-05-10T16:46:45Z,login,sess_917034
evt_94,usr_7,2025-04-30T06:22:17Z,export,sess_310287
evt_95,usr_7,2025-05-16T15:24:18Z,login,sess_956545
evt_96,usr_7,2025-04-23T23:38:57Z,export,sess_577548
evt_97,usr_7,2025-05-23T11:17:22Z,export,sess_729834
evt_98,usr_7,2025-04-15T14:30:18Z,export,sess_329184
evt_99,usr_7,2025-04-26T06:17:47Z,logout,sess_571773
evt_100,usr_7,2025-04-23T03:38:51Z,logout,sess_912279
evt_101,usr_7,2025-05-13T04:49:32Z,export,sess_504074
evt_102,usr_7,2025-04-22T02:28:25Z,feature_a,sess_594698
evt_103,usr_7,2025-04-26T14:43:22Z,login,sess_711389
evt_104,usr_7,2025-05-04T09:57:53Z,feature_b,sess_504863
evt_105,usr_7,2025-04-06T18:46:36Z,logout,sess_580222
evt_106,usr_8,2025-04-24T12:28:04Z,logout,sess_356086
evt_107,usr_8,2025-05-15T02:43:42Z,feature_b,sess_311587
evt_108,usr_8,2025-05-10T14:37:09Z,export,sess_918157
evt_109,usr_8,2025-04-25T12:23:04Z,export,sess_768085
evt_110,usr_8,2025-04-09T21:07:22Z,feature_a,sess_688094
evt_111,usr_8,2025-04-03T15:29:22Z,feature_b,sess_317234
evt_112,usr_8,2025-05-14T07:44:34Z,logout,sess_239897
evt_113,usr_8,2025-05-11T11:57:48Z,export,sess_354921
evt_114,usr_8,2025-04-15T05:59:09Z,export,sess_812776
evt_115,usr_8,2025-04-27T20:45:44Z,export,sess_494547
evt_116,usr_8,2025-04-25T13:12:06Z,export,sess_995230
evt_117,usr_8,2025-04-26T05:51:51Z,logout,sess_833173
evt_118,usr_8,2025-05-02T05:35:31Z,login,sess_808830
evt_119,usr_8,2025-05-09T07:53:29Z,login,sess_605953
evt_120,usr_8,2025-05-28T01:44:55Z,logout,sess_687629
evt_121,usr_9,2025-04-27T15:17:38Z,login,sess_199984
evt_122,usr_9,2025-05-03T23:48:15Z,export,sess_126323
evt_123,usr_9,2025-05-29T04:00:21Z,export,sess_596041
evt_124,usr_9,2025-04-19T17:15:58Z,logout,sess_576761
evt_125,usr_9,2025-04-25T05:45:06Z,feature_b,sess_637716
evt_126,usr_9,2025-05-15T06:10:50Z,export,sess_876944
evt_127,usr_9,2025-05-09T19:36:07Z,feature_a,sess_769549
evt_128,usr_9,2025-05-13T04:03:45Z,logout,sess_534366
evt_129,usr_9,2025-05-18T10:50:04Z,export,sess_877570
evt_130,usr_9,2025-05-11T18:55:22Z,login,sess_643234
evt_131,usr_9,2025-05-20T10:51:47Z,login,sess_118505
evt_132,usr_9,2025-05-23T13:56:54Z,login,sess_939601
evt_133,usr_9,2025-05-16T07:28:49Z,login,sess_238200
evt_134,usr_9,2025-05-21T09:20:42Z,export,sess_527951
evt_135,usr_9,2025-05-12T06:12:03Z,export,sess_307642
evt_136,usr_10,2025-04-10T18:20:19Z,login,sess_411830
evt_137,usr_10,2025-05-27T19:08:59Z,export,sess_248938
evt_138,usr_10,2025-04-05T15:42:52Z,export,sess_737281
evt_139,usr_10,2025-04-21T16:10:38Z,logout,sess_385437
evt_140,usr_10,2025-05-06T08:26:58Z,login,sess_634446
evt_141,usr_10,2025-04-17T17:21:58Z,export,sess_229346
evt_142,usr_10,2025-04-20T10:33:17Z,export,sess_255649
evt_143,usr_10,2025-05-09T09:05:16Z,login,sess_992596
evt_144,usr_10,2025-04-14T13:49:13Z,logout,sess_114921
evt_145,usr_10,2025-05-04T22:07:58Z,login,sess_626174
evt_146,usr_10,2025-04-16T22:15:20Z,logout,sess_907571
evt_147,usr_10,2025-04-06T02:02:20Z,export,sess_582579
evt_148,usr_10,2025-05-22T07:37:25Z,login,sess_345868
evt_149,usr_10,2025-04-05T01:16:04Z,feature_a,sess_635110
evt_150,usr_10,2025-05-24T03:45:22Z,logout,sess_697258
evt_151,usr_11,2025-05-24T19:37:05Z,login,sess_423684
evt_152,usr_11,2025-05-23T12:55:23Z,login,sess_713777
evt_153,usr_11,2025-05-23T07:12:40Z,logout,sess_985176
evt_154,usr_11,2025-04-05T14:05:53Z,feature_a,sess_408375
evt_155,usr_11,2025-05-14T00:43:30Z,export,sess_679990
evt_156,usr_11,2025-04-12T14:55:10Z,export,sess_471700
evt_157,usr_11,2025-05-11T23:35:30Z,export,sess_687497
evt_158,usr_11,2025-05-11T18:27:10Z,export,sess_954774
evt_159,usr_11,2025-04-02T22:19:18Z,login,sess_800808
evt_160,usr_11,2025-04-21T14:18:17Z,logout,sess_875078
evt_161,usr_11,2025-04-30T16:50:45Z,login,sess_102921
evt_162,usr_11,2025-04-04T07:05:41Z,export,sess_510225
evt_163,usr_11,2025-04-09T11:26:41Z,logout,sess_989219
evt_164,usr_11,2025-05-13T02:56:55Z,export,sess_938140
evt_165,usr_11,2025-05-19T14:41:54Z,export,sess_663992
evt_166,usr_12,2025-04-17T10:37:52Z,feature_a,sess_521574
evt_167,usr_12,2025-05-19T08:55:44Z,export,sess_140655
evt_168,usr_12,2025-05-22T09:50:38Z,export,sess_963398
evt_169,usr_12,2025-04-13T19:50:11Z,login,sess_545955
evt_170,usr_12,2025-04-07T06:23:00Z,feature_a,sess_327192
evt_171,usr_12,2025-05-07T04:29:44Z,logout,sess_788322
evt_172,usr_12,2025-04-27T17:27:21Z,logout,sess_911476
evt_173,usr_12,2025-05-13T21:15:54Z,logout,sess_984129
evt_174,usr_12,2025-05-15T21:52:25Z,login,sess_164639
evt_175,usr_12,2025-05-09T13:24:34Z,export,sess_374019
evt_176,usr_12,2025-05-18T01:47:47Z,logout,sess_187280
evt_177,usr_12,2025-04-01T18:10:09Z,export,sess_655079
evt_178,usr_12,2025-05-18T23:29:46Z,feature_a,sess_248780
evt_179,usr_12,2025-04-13T01:05:46Z,logout,sess_244280
evt_180,usr_12,2025-05-09T03:00:01Z,export,sess_625804
evt_181,usr_13,2025-05-19T06:07:30Z,login,sess_132891
evt_182,usr_13,2025-05-16T13:26:23Z,logout,sess_102770
evt_183,usr_13,2025-04-27T17:20:37Z,export,sess_353998
evt_184,usr_13,2025-04-08T00:13:32Z,export,sess_453954
evt_185,usr_13,2025-04-20T23:07:21Z,export,sess_425237
evt_186,usr_13,2025-04-29T08:50:17Z,login,sess_264252
evt_187,usr_13,2025-04-10T13:08:46Z,export,sess_850869
evt_188,usr_13,2025-04-27T13:07:24Z,login,sess_435336
evt_189,usr_13,2025-04-06T22:41:39Z,feature_a,sess_247955
evt_190,usr_13,2025-05-14T05:55:25Z,login,sess_442119
evt_191,usr_13,2025-05-08T09:08:43Z,logout,sess_101495
evt_192,usr_13,2025-04-12T04:17:00Z,export,sess_164579
evt_193,usr_13,2025-05-03T00:50:23Z,export,sess_575767
evt_194,usr_13,2025-05-16T23:14:06Z,login,sess_855715
evt_195,usr_13,2025-05-14T12:16:25Z,logout,sess_835217
evt_196,usr_14,2025-05-02T00:04:42Z,logout,sess_453634
evt_197,usr_14,2025-05-07T20:27:23Z,export,sess_387240
evt_198,usr_14,2025-04-01T18:43:50Z,export,sess_514989
evt_199,usr_14,2025-05-15T20:12:09Z,export,sess_639725
evt_200,usr_14,2025-05-15T21:15:58Z,feature_b,sess_955054
evt_201,usr_14,2025-04-27T22:39:40Z,export,sess_259511
evt_202,usr_14,2025-04-22T12:19:54Z,login,sess_861405
evt_203,usr_14,2025-04-14T12:17:20Z,logout,sess_504668
evt_204,usr_14,2025-04-13T18:05:11Z,logout,sess_774656
evt_205,usr_14,2025-04-06T01:07:53Z,export,sess_578271
evt_206,usr_14,2025-05-21T07:51:55Z,logout,sess_372231
evt_207,usr_14,2025-04-14T18:51:07Z,export,sess_429701
evt_208,usr_14,2025-05-20T02:32:20Z,export,sess_462825
evt_209,usr_14,2025-04-06T08:24:42Z,export,sess_747803
evt_210,usr_14,2025-05-26T18:35:51Z,export,sess_916376
evt_211,usr_15,2025-04-03T07:08:23Z,export,sess_591369
evt_212,usr_15,2025-05-03T19:10:00Z,logout,sess_624141
evt_213,usr_15,2025-05-18T21:21:31Z,feature_a,sess_376941
evt_214,usr_15,2025-05-20T20:59:19Z,feature_b,sess_746195
evt_215,usr_15,2025-04-27T12:34:23Z,export,sess_496338
evt_216,usr_15,2025-05-15T19:33:00Z,login,sess_585315
evt_217,usr_15,2025-04-07T02:23:55Z,logout,sess_966202
evt_218,usr_15,2025-04-20T21:21:17Z,export,sess_258815
evt_219,usr_15,2025-04-17T13:32:16Z,logout,sess_395310
evt_220,usr_15,2025-05-30T04:16:01Z,export,sess_734189
evt_221,usr_15,2025-05-16T00:14:40Z,export,sess_831682
evt_222,usr_15,2025-05-04T03:58:53Z,feature_a,sess_462544
evt_223,usr_15,2025-04-02T14:05:46Z,logout,sess_384439
evt_224,usr_15,2025-04-03T15:45:37Z,logout,sess_118813
evt_225,usr_15,2025-05-01T18:07:13Z,export,sess_309856
evt_226,usr_16,2025-05-01T13:17:55Z,export,sess_238567
evt_227,usr_16,2025-05-20T02:22:27Z,logout,sess_657701
evt_228,usr_16,2025-04-29T05:02:56Z,login,sess_982738
evt_229,usr_16,2025-04-18T13:28:39Z,export,sess_224197
evt_230,usr_16,2025-05-20T06:00:49Z,logout,sess_343568
evt_231,usr_16,2025-05-04T06:38:01Z,login,sess_697107
evt_232,usr_16,2025-04-30T18:56:21Z,login,sess_849275
evt_233,usr_16,2025-05-06T08:15:46Z,export,sess_481145
evt_234,usr_16,2025-05-21T06:09:09Z,export,sess_550689
evt_235,usr_16,2025-04-21T16:53:05Z,logout,sess_687417
evt_236,usr_16,2025-04-16T11:25:47Z,export,sess_999478
evt_237,usr_16,2025-05-11T09:27:25Z,export,sess_185679
evt_238,usr_16,2025-05-25T09:09:45Z,feature_b,sess_978996
evt_239,usr_16,2025-05-16T04:52:22Z,export,sess_515087
evt_240,usr_16,2025-04-20T06:57:38Z,export,sess_146277
evt_241,usr_17,2025-05-15T16:14:42Z,login,sess_123713
evt_242,usr_17,2025-04-23T08:28:31Z,logout,sess_341571
evt_243,usr_17,2025-04-12T16:14:43Z,export,sess_509313
evt_244,usr_17,2025-04-22T16:20:22Z,login,sess_481048
evt_245,usr_17,2025-05-18T02:31:57Z,export,sess_628790
evt_246,usr_17,2025-05-24T05:49:17Z,export,sess_281320
evt_247,usr_17,2025-04-22T23:53:59Z,export,sess_742918
evt_248,usr_17,2025-04-14T00:50:52Z,export,sess_470430
evt_249,usr_17,2025-04-29T06:44:23Z,feature_a,sess_683808
evt_250,usr_17,2025-04-06T17:57:52Z,login,sess_783757
evt_251,usr_17,2025-05-22T09:56:12Z,login,sess_246055
evt_252,usr_17,2025-04-24T07:47:31Z,logout,sess_155015
evt_253,usr_17,2025-05-14T02:26:10Z,logout,sess_868334
evt_254,usr_17,2025-05-05T08:42:25Z,export,sess_261611
evt_255,usr_17,2025-05-02T01:13:50Z,export,sess_265273
evt_256,usr_18,2025-04-04T08:49:32Z,feature_b,sess_569726
evt_257,usr_18,2025-04-10T01:11:21Z,export,sess_607685
evt_258,usr_18,2025-05-16T15:44:14Z,login,sess_159471
evt_259,usr_18,2025-05-16T11:46:25Z,logout,sess_291049
evt_260,usr_18,2025-04-14T17:26:07Z,login,sess_681661
evt_261,usr_18,2025-05-16T15:50:39Z,export,sess_901236
evt_262,usr_18,2025-04-06T16:04:45Z,logout,sess_528482
evt_263,usr_18,2025-05-21T00:36:29Z,feature_a,sess_153537
evt_264,usr_18,2025-04-30T00:37:17Z,login,sess_627193
evt_265,usr_18,2025-04-16T04:46:20Z,feature_a,sess_711573
evt_266,usr_18,2025-04-11T14:35:02Z,feature_a,sess_189241
evt_267,usr_18,2025-05-31T09:29:19Z,login,sess_480460
evt_268,usr_18,2025-05-13T10:07:59Z,logout,sess_221222
evt_269,usr_18,2025-04-07T07:40:23Z,export,sess_388357
evt_270,usr_18,2025-05-16T06:08:13Z,export,sess_149743
evt_271,usr_19,2025-05-10T12:30:47Z,export,sess_577756
evt_272,usr_19,2025-04-23T00:09:07Z,logout,sess_960846
evt_273,usr_19,2025-05-18T02:51:45Z,export,sess_815328
evt_274,usr_19,2025-04-14T21:57:58Z,login,sess_689131
evt_275,usr_19,2025-04-23T04:17:39Z,login,sess_983688
evt_276,usr_19,2025-05-15T09:31:17Z,logout,sess_127947
evt_277,usr_19,2025-05-09T21:51:22Z,export,sess_700042
evt_278,usr_19,2025-04-26T02:11:31Z,export,sess_820606
evt_279,usr_19,2025-04-22T20:48:16Z,logout,sess_821852
evt_280,usr_19,2025-05-06T13:36:48Z,export,sess_795646
evt_281,usr_19,2025-04-03T04:05:52Z,export,sess_972372
evt_282,usr_19,2025-04-05T22:22:11Z,export,sess_362094
evt_283,usr_19,2025-04-02T20:11:24Z,export,sess_432835
evt_284,usr_19,2025-05-19T04:18:11Z,feature_b,sess_163468
evt_285,usr_19,2025-04-06T02:54:50Z,login,sess_375115
evt_286,usr_20,2025-04-21T06:15:09Z,export,sess_546775
evt_287,usr_20,2025-04-25T01:08:53Z,export,sess_104925
evt_288,usr_20,2025-05-23T13:31:46Z,logout,sess_397644
evt_289,usr_20,2025-05-05T12:16:44Z,export,sess_435754
evt_290,usr_20,2025-04-24T10:36:06Z,login,sess_343307
evt_291,usr_20,2025-04-26T01:34:00Z,export,sess_797416
evt_292,usr_20,2025-04-09T06:50:37Z,logout,sess_582838
evt_293,usr_20,2025-04-03T10:09:34Z,logout,sess_967220
evt_294,usr_20,2025-05-07T15:33:50Z,export,sess_268848
evt_295,usr_20,2025-04-22T12:54:30Z,export,sess_890331
evt_296,usr_20,2025-05-24T09:11:07Z,logout,sess_190995
evt_297,usr_20,2025-04-16T23:52:19Z,export,sess_533586
evt_298,usr_20,2025-05-01T20:41:11Z,export,sess_983928
evt_299,usr_20,2025-04-20T14:09:30Z,export,sess_482481
evt_300,usr_20,2025-04-29T08:56:00Z,login,sess_475856
evt_301,usr_21,2025-04-02T02:16:49Z,logout,sess_473411
evt_302,usr_21,2025-04-11T12:36:51Z,login,sess_624267
evt_303,usr_21,2025-04-26T20:21:36Z,logout,sess_895752
evt_304,usr_21,2025-05-17T20:46:43Z,export,sess_220370
evt_305,usr_21,2025-04-14T01:39:16Z,login,sess_284020
evt_306,usr_21,2025-05-30T23:10:11Z,logout,sess_530674
evt_307,usr_21,2025-05-06T12:59:28Z,login,sess_283100
evt_308,usr_21,2025-05-18T19:03:40Z,feature_b,sess_569875
evt_309,usr_21,2025-04-12T14:19:42Z,login,sess_379863
evt_310,usr_21,2025-05-13T13:32:21Z,logout,sess_920445
evt_311,usr_21,2025-04-20T09:10:48Z,login,sess_104262
evt_312,usr_21,2025-05-21T15:58:02Z,login,sess_749951
evt_313,usr_21,2025-04-12T23:09:45Z,logout,sess_884113
evt_314,usr_21,2025-04-25T22:22:53Z,export,sess_813554
evt_315,usr_21,2025-05-19T01:19:11Z,login,sess_254934
evt_316,usr_22,2025-04-25T07:19:23Z,login,sess_452355
evt_317,usr_22,2025-04-25T18:37:40Z,export,sess_169692
evt_318,usr_22,2025-04-27T18:36:45Z,logout,sess_501465
evt_319,usr_22,2025-04-19T15:57:23Z,login,sess_650998
evt_320,usr_22,2025-04-25T04:26:05Z,feature_a,sess_241770
evt_321,usr_22,2025-04-14T05:12:59Z,feature_a,sess_978161
evt_322,usr_22,2025-04-08T02:47:42Z,logout,sess_564179
evt_323,usr_22,2025-04-06T15:05:35Z,feature_a,sess_979472
evt_324,usr_22,2025-04-12T22:29:17Z,login,sess_144205
evt_325,usr_22,2025-04-13T13:36:36Z,login,sess_156995
evt_326,usr_22,2025-04-14T08:26:02Z,logout,sess_611712
evt_327,usr_22,2025-04-29T05:44:26Z,export,sess_583496
evt_328,usr_22,2025-04-15T16:53:13Z,logout,sess_281680
evt_329,usr_22,2025-05-15T15:17:16Z,logout,sess_656009
evt_330,usr_22,2025-05-13T21:00:12Z,feature_b,sess_953957
evt_331,usr_23,2025-05-02T12:07:28Z,export,sess_561337
evt_332,usr_23,2025-04-26T00:31:46Z,export,sess_975970
evt_333,usr_23,2025-05-02T10:23:47Z,export,sess_316491
evt_334,usr_23,2025-04-20T06:31:44Z,export,sess_650052
evt_335,usr_23,2025-04-30T10:46:48Z,logout,sess_115590
evt_336,usr_23,2025-04-22T00:44:38Z,logout,sess_354561
evt_337,usr_23,2025-05-07T00:35:12Z,login,sess_820979
evt_338,usr_23,2025-05-09T16:16:01Z,export,sess_772849
evt_339,usr_23,2025-05-08T17:14:17Z,export,sess_510450
evt_340,usr_23,2025-04-12T20:41:23Z,logout,sess_793461
evt_341,usr_23,2025-04-23T20:51:16Z,feature_b,sess_491476
evt_342,usr_23,2025-05-08T20:05:58Z,export,sess_936938
evt_343,usr_23,2025-04-25T12:56:46Z,export,sess_639161
evt_344,usr_23,2025-04-14T01:47:53Z,logout,sess_432398
evt_345,usr_23,2025-05-15T23:51:43Z,export,sess_540867
evt_346,usr_24,2025-05-11T06:02:22Z,login,sess_377499
evt_347,usr_24,2025-04-07T19:01:49Z,export,sess_595215
evt_348,usr_24,2025-05-02T08:25:23Z,export,sess_162938
evt_349,usr_24,2025-05-19T06:14:03Z,export,sess_803989
evt_350,usr_24,2025-04-08T09:23:02Z,export,sess_833564
evt_351,usr_24,2025-04-05T01:27:19Z,feature_a,sess_838500
evt_352,usr_24,2025-04-20T03:50:57Z,login,sess_424729
evt_353,usr_24,2025-05-02T06:26:53Z,export,sess_520735
evt_354,usr_24,2025-05-13T18:44:34Z,export,sess_316834
evt_355,usr_24,2025-04-06T07:48:28Z,feature_a,sess_382461
evt_356,usr_24,2025-05-10T03:13:42Z,export,sess_217801
evt_357,usr_24,2025-04-29T19:10:35Z,export,sess_372667
evt_358,usr_24,2025-05-19T14:22:52Z,export,sess_312397
evt_359,usr_24,2025-05-13T10:35:00Z,export,sess_937002
evt_360,usr_24,2025-04-17T20:55:03Z,logout,sess_678697
evt_361,usr_25,2025-04-08T02:21:37Z,feature_a,sess_839974
evt_362,usr_25,2025-04-18T21:26:56Z,logout,sess_488660
evt_363,usr_25,2025-04-20T03:43:44Z,export,sess_653143
evt_364,usr_25,2025-04-06T04:53:20Z,login,sess_301202
evt_365,usr_25,2025-04-23T07:18:56Z,login,sess_666445
evt_366,usr_25,2025-04-28T13:13:02Z,export,sess_153462
evt_367,usr_25,2025-04-30T15:58:52Z,export,sess_703853
evt_368,usr_25,2025-05-25T07:23:39Z,login,sess_303082
evt_369,usr_25,2025-05-03T16:30:45Z,feature_a,sess_929203
evt_370,usr_25,2025-04-27T14:04:53Z,login,sess_369477
evt_371,usr_25,2025-05-20T19:44:06Z,logout,sess_478241
evt_372,usr_25,2025-04-28T06:21:14Z,feature_a,sess_407996
evt_373,usr_25,2025-05-19T12:51:06Z,feature_a,sess_104810
evt_374,usr_25,2025-04-17T01:40:52Z,export,sess_729575
evt_375,usr_25,2025-05-21T05:55:38Z,export,sess_647470
evt_376,usr_26,2025-05-01T00:29:39Z,export,sess_573791
evt_377,usr_26,2025-04-16T20:35:10Z,feature_b,sess_220836
evt_378,usr_26,2025-05-01T12:24:30Z,feature_a,sess_687341
evt_379,usr_26,2025-05-31T02:19:11Z,logout,sess_164376
evt_380,usr_26,2025-05-13T06:05:57Z,feature_b,sess_178278
evt_381,usr_26,2025-04-18T17:53:25Z,login,sess_472646
evt_382,usr_26,2025-05-31T00:45:45Z,login,sess_256378
evt_383,usr_26,2025-05-19T07:33:04Z,feature_a,sess_314185
evt_384,usr_26,2025-05-19T05:03:14Z,feature_b,sess_290578
evt_385,usr_26,2025-04-11T14:13:03Z,export,sess_672754
evt_386,usr_26,2025-05-29T05:36:55Z,login,sess_206704
evt_387,usr_26,2025-05-11T05:53:12Z,login,sess_121248
evt_388,usr_27,2025-04-25T17:45:39Z,login,sess_209588
evt_389,usr_27,2025-05-21T17:15:36Z,logout,sess_195352
evt_390,usr_27,2025-04-18T18:31:09Z,feature_a,sess_151042
evt_391,usr_27,2025-05-08T14:57:36Z,feature_a,sess_986081
evt_392,usr_27,2025-05-31T18:07:32Z,export,sess_245117
evt_393,usr_27,2025-04-28T18:00:56Z,login,sess_481248
evt_394,usr_27,2025-04-05T09:10:19Z,login,sess_377810
evt_395,usr_27,2025-04-11T23:55:52Z,feature_a,sess_554624
evt_396,usr_27,2025-05-14T22:01:00Z,login,sess_848916
evt_397,usr_27,2025-04-21T17:06:53Z,logout,sess_818361
evt_398,usr_27,2025-04-10T06:04:43Z,feature_b,sess_360551
evt_399,usr_27,2025-04-11T19:43:44Z,feature_a,sess_817073
evt_400,usr_28,2025-04-20T04:46:06Z,feature_b,sess_286731
evt_401,usr_28,2025-04-22T03:54:56Z,feature_b,sess_364725
evt_402,usr_28,2025-04-17T20:11:48Z,export,sess_953157
evt_403,usr_28,2025-04-13T11:24:48Z,login,sess_926080
evt_404,usr_28,2025-04-05T18:54:51Z,feature_a,sess_644888
evt_405,usr_28,2025-05-06T00:06:20Z,login,sess_507215
evt_406,usr_28,2025-04-16T03:38:29Z,export,sess_775373
evt_407,usr_28,2025-05-06T11:15:31Z,login,sess_474731
evt_408,usr_28,2025-04-01T13:19:00Z,login,sess_423849
evt_409,usr_28,2025-05-28T18:00:26Z,login,sess_572298
evt_410,usr_28,2025-04-27T15:12:05Z,feature_b,sess_761284
evt_411,usr_28,2025-04-06T14:44:36Z,login,sess_592888
evt_412,usr_29,2025-04-12T08:36:56Z,logout,sess_252650
evt_413,usr_29,2025-05-14T14:19:51Z,logout,sess_843410
evt_414,usr_29,2025-05-18T04:01:42Z,login,sess_361872
evt_415,usr_29,2025-06-01T06:55:03Z,login,sess_268659
evt_416,usr_29,2025-04-04T09:07:03Z,login,sess_155148
evt_417,usr_29,2025-04-04T12:14:40Z,login,sess_127095
evt_418,usr_29,2025-04-06T08:49:09Z,export,sess_761402
evt_419,usr_29,2025-04-22T22:04:28Z,feature_b,sess_133526
evt_420,usr_29,2025-05-13T20:51:30Z,export,sess_376779
evt_421,usr_29,2025-04-24T20:40:37Z,feature_a,sess_944917
evt_422,usr_29,2025-05-06T18:53:39Z,feature_a,sess_734113
evt_423,usr_29,2025-04-22T03:41:41Z,feature_a,sess_161402
evt_424,usr_30,2025-04-20T22:41:50Z,feature_b,sess_500740
evt_425,usr_30,2025-05-10T21:21:08Z,feature_b,sess_932266
evt_426,usr_30,2025-05-04T08:45:30Z,feature_b,sess_655663
evt_427,usr_30,2025-05-04T19:48:22Z,feature_b,sess_648448
evt_428,usr_30,2025-04-04T10:13:21Z,feature_a,sess_146305
evt_429,usr_30,2025-05-21T02:11:00Z,login,sess_996478
evt_430,usr_30,2025-04-18T06:39:48Z,feature_a,sess_849254
evt_431,usr_30,2025-04-01T18:10:13Z,login,sess_860890
evt_432,usr_30,2025-05-27T16:05:10Z,feature_a,sess_133425
evt_433,usr_30,2025-04-18T17:45:00Z,feature_a,sess_586450
evt_434,usr_30,2025-05-16T00:01:10Z,feature_b,sess_749300
evt_435,usr_30,2025-05-13T13:43:44Z,feature_a,sess_963084
evt_436,usr_31,2025-05-09T11:13:43Z,feature_a,sess_977990
evt_437,usr_31,2025-04-21T08:17:50Z,logout,sess_970120
evt_438,usr_31,2025-06-01T07:59:00Z,feature_b,sess_275704
evt_439,usr_31,2025-05-07T04:10:14Z,feature_b,sess_377257
evt_440,usr_31,2025-05-24T02:06:21Z,feature_b,sess_237731
evt_441,usr_31,2025-04-10T06:27:50Z,logout,sess_950027
evt_442,usr_31,2025-05-11T23:59:42Z,feature_b,sess_542881
evt_443,usr_31,2025-05-13T15:36:24Z,logout,sess_826302
evt_444,usr_31,2025-04-07T06:37:32Z,login,sess_414812
evt_445,usr_31,2025-05-08T05:59:23Z,login,sess_674918
evt_446,usr_31,2025-05-01T22:01:17Z,logout,sess_107938
evt_447,usr_31,2025-05-02T12:14:00Z,feature_a,sess_406800
evt_448,usr_32,2025-04-10T02:12:01Z,feature_b,sess_826965
evt_449,usr_32,2025-04-24T03:59:42Z,login,sess_574788
evt_450,usr_32,2025-05-15T08:56:48Z,login,sess_579165
evt_451,usr_32,2025-05-04T15:35:15Z,feature_a,sess_150696
evt_452,usr_32,2025-04-12T06:31:53Z,feature_b,sess_986204
evt_453,usr_32,2025-05-21T22:42:17Z,login,sess_978481
evt_454,usr_32,2025-05-08T04:24:27Z,login,sess_329729
evt_455,usr_32,2025-04-19T20:15:33Z,login,sess_718516
evt_456,usr_32,2025-04-13T10:26:29Z,login,sess_930814
evt_457,usr_32,2025-04-10T22:02:19Z,login,sess_120009
evt_458,usr_32,2025-04-09T15:37:45Z,login,sess_567050
evt_459,usr_32,2025-05-11T21:26:33Z,feature_a,sess_707383
evt_460,usr_33,2025-05-29T06:36:51Z,login,sess_194336
evt_461,usr_33,2025-04-02T03:32:49Z,feature_b,sess_423146
evt_462,usr_33,2025-04-03T11:33:27Z,feature_a,sess_589347
evt_463,usr_33,2025-05-25T20:32:38Z,feature_b,sess_668428
evt_464,usr_33,2025-05-09T17:21:38Z,export,sess_299443
evt_465,usr_33,2025-04-11T18:55:09Z,login,sess_878247
evt_466,usr_33,2025-05-15T00:35:59Z,feature_b,sess_725374
evt_467,usr_33,2025-04-27T06:06:24Z,login,sess_878290
evt_468,usr_33,2025-05-10T06:38:02Z,feature_a,sess_246120
evt_469,usr_33,2025-04-07T02:03:57Z,login,sess_225724
evt_470,usr_33,2025-04-15T16:12:51Z,logout,sess_492386
evt_471,usr_33,2025-05-02T07:10:04Z,logout,sess_579333
evt_472,usr_34,2025-04-23T18:29:07Z,export,sess_571460
evt_473,usr_34,2025-04-13T00:39:39Z,feature_a,sess_590269
evt_474,usr_34,2025-05-29T04:30:25Z,logout,sess_217387
evt_475,usr_34,2025-04-09T18:24:19Z,login,sess_972996
evt_476,usr_34,2025-04-11T07:48:17Z,login,sess_755397
evt_477,usr_34,2025-04-13T00:51:58Z,logout,sess_568945
evt_478,usr_34,2025-04-20T18:22:50Z,login,sess_952172
evt_479,usr_34,2025-05-04T15:22:14Z,login,sess_279822
evt_480,usr_34,2025-05-26T15:33:32Z,login,sess_630848
evt_481,usr_34,2025-04-07T21:09:08Z,logout,sess_211690
evt_482,usr_34,2025-05-22T05:48:38Z,feature_b,sess_679608
evt_483,usr_34,2025-05-02T12:18:17Z,login,sess_505792
evt_484,usr_35,2025-04-22T08:20:08Z,feature_b,sess_219428
evt_485,usr_35,2025-05-17T10:51:48Z,login,sess_509252
evt_486,usr_35,2025-05-27T08:38:43Z,feature_a,sess_721019
evt_487,usr_35,2025-05-19T02:03:20Z,feature_a,sess_341974
evt_488,usr_35,2025-04-22T05:17:20Z,login,sess_716854
evt_489,usr_35,2025-05-13T21:15:18Z,login,sess_395830
evt_490,usr_35,2025-04-27T20:22:05Z,login,sess_471986
evt_491,usr_35,2025-04-09T11:40:10Z,login,sess_402222
evt_492,usr_35,2025-05-10T01:02:35Z,login,sess_788292
evt_493,usr_35,2025-04-17T16:33:10Z,login,sess_862196
evt_494,usr_35,2025-05-19T23:16:10Z,feature_a,sess_230435
evt_495,usr_35,2025-04-18T11:28:34Z,feature_a,sess_780850
evt_496,usr_36,2025-05-13T12:17:48Z,login,sess_170053
evt_497,usr_36,2025-05-27T01:08:24Z,export,sess_561202
evt_498,usr_36,2025-04-24T04:13:35Z,feature_a,sess_236173
evt_499,usr_36,2025-04-15T12:31:37Z,feature_a,sess_116759
evt_500,usr_36,2025-05-29T08:51:29Z,login,sess_753393
evt_501,usr_36,2025-04-25T13:18:37Z,login,sess_809870
evt_502,usr_36,2025-04-11T23:54:09Z,login,sess_593007
evt_503,usr_36,2025-05-08T01:49:57Z,logout,sess_757302
evt_504,usr_36,2025-04-20T23:56:32Z,logout,sess_976555
evt_505,usr_36,2025-04-06T05:47:17Z,feature_a,sess_753432
evt_506,usr_36,2025-04-16T15:22:17Z,feature_a,sess_216009
evt_507,usr_36,2025-04-22T05:17:33Z,export,sess_876398
evt_508,usr_37,2025-05-12T22:16:24Z,login,sess_137760
evt_509,usr_37,2025-04-14T14:23:53Z,login,sess_767104
evt_510,usr_37,2025-05-14T11:03:53Z,feature_a,sess_598093
evt_511,usr_37,2025-05-15T09:01:32Z,login,sess_710604
evt_512,usr_37,2025-05-26T18:04:10Z,login,sess_367002
evt_513,usr_37,2025-05-10T16:38:01Z,logout,sess_303679
evt_514,usr_37,2025-05-10T21:26:36Z,feature_b,sess_474280
evt_515,usr_37,2025-04-08T18:52:27Z,logout,sess_539778
evt_516,usr_37,2025-05-14T03:48:12Z,login,sess_200584
evt_517,usr_37,2025-04-21T23:32:24Z,feature_a,sess_803730
evt_518,usr_37,2025-04-29T07:43:49Z,feature_b,sess_412907
evt_519,usr_37,2025-05-23T11:39:40Z,logout,sess_644622
evt_520,usr_38,2025-05-29T23:53:56Z,feature_a,sess_939978
evt_521,usr_38,2025-05-28T04:27:01Z,feature_b,sess_161203
evt_522,usr_38,2025-05-23T17:38:46Z,export,sess_531032
evt_523,usr_38,2025-05-17T14:30:29Z,feature_a,sess_209650
evt_524,usr_38,2025-05-30T17:35:42Z,export,sess_787908
evt_525,usr_38,2025-05-16T04:35:50Z,logout,sess_543535
evt_526,usr_38,2025-05-02T09:44:09Z,logout,sess_500947
evt_527,usr_38,2025-05-06T17:31:05Z,login,sess_348909
evt_528,usr_38,2025-04-24T20:15:02Z,login,sess_701893
evt_529,usr_38,2025-05-13T17:30:56Z,feature_b,sess_822565
evt_530,usr_38,2025-04-26T21:32:32Z,export,sess_413223
evt_531,usr_38,2025-06-01T09:39:03Z,login,sess_980967
evt_532,usr_39,2025-05-29T02:04:42Z,export,sess_968543
evt_533,usr_39,2025-05-10T05:50:20Z,logout,sess_106825
evt_534,usr_39,2025-05-16T17:10:01Z,logout,sess_620440
evt_535,usr_39,2025-05-12T15:53:06Z,login,sess_933921
evt_536,usr_39,2025-05-08T23:21:54Z,login,sess_304056
evt_537,usr_39,2025-04-22T16:21:46Z,feature_a,sess_384880
evt_538,usr_39,2025-05-20T05:40:38Z,logout,sess_946055
evt_539,usr_39,2025-04-07T09:14:08Z,feature_a,sess_444957
evt_540,usr_39,2025-05-13T18:41:43Z,login,sess_403241
evt_541,usr_39,2025-05-05T21:39:06Z,export,sess_111023
evt_542,usr_39,2025-05-08T10:22:46Z,feature_a,sess_365395
evt_543,usr_39,2025-05-08T05:47:41Z,feature_b,sess_441123
evt_544,usr_40,2025-04-21T13:15:37Z,login,sess_393593
evt_545,usr_40,2025-04-19T03:28:34Z,feature_a,sess_763685
evt_546,usr_40,2025-05-10T02:00:44Z,login,sess_595951
evt_547,usr_40,2025-04-30T14:26:21Z,login,sess_529870
evt_548,usr_40,2025-04-26T19:04:25Z,login,sess_631951
evt_549,usr_40,2025-04-03T11:04:12Z,feature_b,sess_192292
evt_550,usr_40,2025-05-22T03:51:50Z,feature_b,sess_501157
evt_551,usr_40,2025-04-28T09:44:37Z,logout,sess_899847
evt_552,usr_40,2025-05-31T18:02:09Z,export,sess_539357
evt_553,usr_40,2025-04-11T08:43:29Z,login,sess_944830
evt_554,usr_40,2025-04-27T03:09:36Z,feature_a,sess_520654
evt_555,usr_40,2025-04-09T04:52:31Z,login,sess_521985
evt_556,usr_41,2025-05-12T19:14:26Z,logout,sess_820422
evt_557,usr_41,2025-05-16T00:59:57Z,login,sess_499345
evt_558,usr_41,2025-05-08T22:30:43Z,login,sess_733864
evt_559,usr_41,2025-05-20T17:57:49Z,feature_a,sess_172876
evt_560,usr_41,2025-04-03T18:38:16Z,export,sess_638356
evt_561,usr_41,2025-04-26T20:54:19Z,feature_b,sess_501646
evt_562,usr_41,2025-04-30T17:53:26Z,export,sess_572230
evt_563,usr_41,2025-05-13T15:08:34Z,login,sess_189134
evt_564,usr_41,2025-04-22T22:39:06Z,login,sess_240172
evt_565,usr_41,2025-05-02T15:21:07Z,feature_b,sess_539530
evt_566,usr_41,2025-05-12T01:54:53Z,login,sess_907292
evt_567,usr_41,2025-04-02T03:51:49Z,feature_b,sess_378479
evt_568,usr_42,2025-05-31T00:40:51Z,feature_a,sess_885106
evt_569,usr_42,2025-04-10T01:31:58Z,login,sess_807869
evt_570,usr_42,2025-04-23T23:28:44Z,feature_a,sess_363500
evt_571,usr_42,2025-04-27T21:38:39Z,export,sess_656002
evt_572,usr_42,2025-05-23T12:07:12Z,login,sess_452954
evt_573,usr_42,2025-04-03T02:46:04Z,login,sess_785968
evt_574,usr_42,2025-04-08T03:32:57Z,login,sess_347232
evt_575,usr_42,2025-04-25T07:48:40Z,feature_b,sess_842069
evt_576,usr_42,2025-04-26T00:05:21Z,logout,sess_858396
evt_577,usr_42,2025-05-15T11:13:05Z,login,sess_123914
evt_578,usr_42,2025-05-26T02:19:18Z,login,sess_363689
evt_579,usr_42,2025-04-20T05:41:41Z,logout,sess_398272
evt_580,usr_43,2025-05-17T18:37:49Z,login,sess_991443
evt_581,usr_43,2025-05-04T15:17:56Z,export,sess_167816
evt_582,usr_43,2025-05-22T09:51:57Z,login,sess_899480
evt_583,usr_43,2025-05-15T10:38:57Z,export,sess_761487
evt_584,usr_43,2025-05-19T06:22:02Z,feature_a,sess_791129
evt_585,usr_43,2025-04-08T01:46:13Z,feature_b,sess_897830
evt_586,usr_43,2025-05-22T00:16:00Z,feature_a,sess_900361
evt_587,usr_43,2025-05-08T12:15:43Z,login,sess_614946
evt_588,usr_43,2025-04-07T16:03:48Z,login,sess_361494
evt_589,usr_43,2025-04-03T00:32:12Z,export,sess_200952
evt_590,usr_43,2025-05-15T20:02:06Z,feature_b,sess_786885
evt_591,usr_43,2025-05-24T05:40:50Z,feature_a,sess_155189
evt_592,usr_44,2025-05-13T12:18:28Z,login,sess_401943
evt_593,usr_44,2025-05-21T18:02:47Z,login,sess_864408
evt_594,usr_44,2025-05-16T21:47:20Z,feature_b,sess_859892
evt_595,usr_44,2025-05-11T03:22:45Z,login,sess_375518
evt_596,usr_44,2025-05-19T21:42:56Z,logout,sess_974027
evt_597,usr_44,2025-05-07T05:49:02Z,login,sess_553554
evt_598,usr_44,2025-05-24T09:01:33Z,feature_a,sess_650659
evt_599,usr_44,2025-04-21T21:41:08Z,feature_b,sess_722573
evt_600,usr_44,2025-05-22T17:55:35Z,export,sess_450871
evt_601,usr_44,2025-05-15T16:39:42Z,login,sess_574069
evt_602,usr_44,2025-04-06T22:39:33Z,login,sess_885384
evt_603,usr_44,2025-04-20T04:05:07Z,logout,sess_585461
evt_604,usr_45,2025-04-08T20:50:28Z,feature_b,sess_153217
evt_605,usr_45,2025-04-28T16:07:24Z,feature_b,sess_891337
evt_606,usr_45,2025-05-21T21:55:55Z,login,sess_929537
evt_607,usr_45,2025-05-19T19:15:56Z,logout,sess_153284
evt_608,usr_45,2025-05-24T21:53:59Z,feature_b,sess_471386
evt_609,usr_45,2025-04-27T01:30:33Z,feature_b,sess_442037
evt_610,usr_45,2025-05-02T12:03:22Z,login,sess_105758
evt_611,usr_45,2025-06-01T07:08:33Z,feature_a,sess_404047
evt_612,usr_45,2025-04-23T00:26:50Z,feature_a,sess_152286
evt_613,usr_45,2025-05-23T10:49:21Z,feature_a,sess_865450
evt_614,usr_45,2025-05-03T22:00:31Z,feature_a,sess_410750
evt_615,usr_45,2025-04-04T20:13:27Z,feature_b,sess_270316
evt_616,usr_46,2025-04-10T01:17:24Z,export,sess_132250
evt_617,usr_46,2025-04-23T18:38:26Z,feature_a,sess_338314
evt_618,usr_46,2025-05-02T03:09:45Z,login,sess_804493
evt_619,usr_46,2025-04-28T08:34:05Z,login,sess_244548
evt_620,usr_46,2025-05-26T03:02:20Z,logout,sess_443529
evt_621,usr_46,2025-05-12T23:52:35Z,login,sess_950235
evt_622,usr_46,2025-05-07T09:27:44Z,login,sess_133375
evt_623,usr_46,2025-04-01T16:25:21Z,login,sess_852746
evt_624,usr_46,2025-04-10T17:27:36Z,export,sess_616133
evt_625,usr_46,2025-05-30T09:20:26Z,feature_b,sess_911136
evt_626,usr_46,2025-05-13T12:58:55Z,feature_a,sess_273244
evt_627,usr_46,2025-05-03T10:46:39Z,logout,sess_938566
evt_628,usr_47,2025-04-28T09:08:00Z,login,sess_731889
evt_629,usr_47,2025-05-05T06:24:52Z,export,sess_424164
evt_630,usr_47,2025-04-26T08:30:01Z,login,sess_923215
evt_631,usr_47,2025-04-22T22:50:00Z,login,sess_416330
evt_632,usr_47,2025-05-09T08:04:59Z,feature_a,sess_827315
evt_633,usr_47,2025-05-26T03:09:57Z,feature_b,sess_362630
evt_634,usr_47,2025-04-09T14:06:26Z,login,sess_966428
evt_635,usr_47,2025-04-03T14:04:40Z,logout,sess_952638
evt_636,usr_47,2025-04-13T16:06:07Z,feature_b,sess_584416
evt_637,usr_47,2025-05-03T21:07:00Z,feature_b,sess_562600
evt_638,usr_47,2025-05-28T19:25:42Z,login,sess_131753
evt_639,usr_47,2025-04-03T13:00:21Z,feature_a,sess_257130
evt_640,usr_48,2025-05-01T05:09:17Z,feature_b,sess_993217
evt_641,usr_48,2025-05-25T11:23:57Z,login,sess_329843
evt_642,usr_48,2025-05-16T00:52:15Z,login,sess_834256
evt_643,usr_48,2025-05-07T21:10:34Z,feature_b,sess_203867
evt_644,usr_48,2025-05-07T18:04:43Z,feature_a,sess_709189
evt_645,usr_48,2025-05-16T21:30:20Z,login,sess_528859
evt_646,usr_48,2025-05-10T11:00:36Z,login,sess_512724
evt_647,usr_48,2025-05-20T20:16:49Z,logout,sess_439500
evt_648,usr_48,2025-05-05T11:37:15Z,feature_a,sess_676298
evt_649,usr_48,2025-04-06T17:58:33Z,export,sess_433134
evt_650,usr_48,2025-04-25T22:54:55Z,feature_b,sess_335436
evt_651,usr_48,2025-05-14T19:16:43Z,export,sess_936172
evt_652,usr_49,2025-04-22T09:52:14Z,feature_a,sess_943060
evt_653,usr_49,2025-05-26T13:22:48Z,logout,sess_492661
evt_654,usr_49,2025-04-04T02:07:53Z,feature_b,sess_570138
evt_655,usr_49,2025-05-26T01:02:18Z,feature_b,sess_541530
evt_656,usr_49,2025-05-05T11:14:32Z,login,sess_515878
evt_657,usr_49,2025-05-25T21:15:34Z,login,sess_807937
evt_658,usr_49,2025-05-20T20:00:54Z,login,sess_372393
evt_659,usr_49,2025-04-29T14:43:14Z,export,sess_575205
evt_660,usr_49,2025-05-16T00:10:19Z,feature_b,sess_177653
evt_661,usr_49,2025-05-03T05:29:34Z,feature_a,sess_369780
evt_662,usr_49,2025-04-27T07:15:38Z,export,sess_602208
evt_663,usr_49,2025-04-12T16:14:47Z,logout,sess_415899
evt_664,usr_50,2025-04-03T16:14:59Z,login,sess_741855
evt_665,usr_50,2025-05-07T18:48:04Z,feature_b,sess_992770
evt_666,usr_50,2025-04-09T22:12:12Z,export,sess_338333
evt_667,usr_50,2025-05-04T05:00:54Z,export,sess_405406
evt_668,usr_50,2025-05-08T18:29:39Z,feature_b,sess_104494
evt_669,usr_50,2025-05-18T20:03:01Z,export,sess_160336
evt_670,usr_50,2025-05-11T12:09:57Z,feature_a,sess_310676
evt_671,usr_50,2025-05-16T16:27:58Z,feature_b,sess_160496
evt_672,usr_50,2025-05-11T01:07:53Z,logout,sess_287823
evt_673,usr_50,2025-05-28T02:32:02Z,feature_a,sess_583602
evt_674,usr_50,2025-05-18T09:27:27Z,login,sess_383446
evt_675,usr_50,2025-04-18T15:49:24Z,login,sess_921225
evt_676,usr_51,2025-05-12T16:47:11Z,export,sess_345757
evt_677,usr_51,2025-05-18T08:18:59Z,feature_a,sess_698665
evt_678,usr_51,2025-04-13T05:09:10Z,feature_b,sess_424119
evt_679,usr_51,2025-04-22T06:16:09Z,feature_b,sess_253707
evt_680,usr_51,2025-05-29T05:52:38Z,feature_a,sess_249362
evt_681,usr_51,2025-04-30T13:13:57Z,login,sess_154479
evt_682,usr_51,2025-04-29T14:58:57Z,logout,sess_546415
evt_683,usr_51,2025-05-03T15:00:13Z,login,sess_821001
evt_684,usr_51,2025-05-01T16:19:42Z,login,sess_949349
evt_685,usr_51,2025-05-23T02:33:39Z,export,sess_866340
evt_686,usr_51,2025-05-13T19:28:12Z,feature_a,sess_122300
evt_687,usr_51,2025-05-05T02:41:29Z,export,sess_603609
evt_688,usr_52,2025-05-03T03:28:24Z,feature_a,sess_485561
evt_689,usr_52,2025-04-12T07:58:11Z,feature_b,sess_858637
evt_690,usr_52,2025-04-24T17:10:02Z,login,sess_243725
evt_691,usr_52,2025-05-12T02:33:26Z,export,sess_908943
evt_692,usr_52,2025-04-24T11:56:07Z,login,sess_278021
evt_693,usr_52,2025-04-14T22:40:45Z,login,sess_597000
evt_694,usr_52,2025-05-08T05:28:16Z,feature_a,sess_819465
evt_695,usr_52,2025-05-09T07:38:37Z,feature_a,sess_331205
evt_696,usr_52,2025-05-08T19:02:22Z,feature_a,sess_990849
evt_697,usr_52,2025-04-03T09:45:56Z,export,sess_580207
evt_698,usr_52,2025-04-30T07:48:02Z,feature_b,sess_874804
evt_699,usr_52,2025-05-17T03:20:48Z,feature_b,sess_259234
evt_700,usr_53,2025-05-18T10:15:40Z,logout,sess_555013
evt_701,usr_53,2025-05-07T01:18:50Z,feature_b,sess_149923
evt_702,usr_53,2025-05-27T15:48:48Z,logout,sess_355853
evt_703,usr_53,2025-05-11T08:07:02Z,feature_b,sess_296939
evt_704,usr_53,2025-04-08T14:42:07Z,login,sess_297421
evt_705,usr_53,2025-04-06T17:54:07Z,login,sess_690433
evt_706,usr_53,2025-05-24T20:26:02Z,feature_a,sess_191343
evt_707,usr_53,2025-04-10T05:45:59Z,login,sess_528254
evt_708,usr_53,2025-04-22T09:11:36Z,login,sess_183284
evt_709,usr_53,2025-04-10T20:41:35Z,login,sess_382833
evt_710,usr_53,2025-04-17T06:48:03Z,feature_b,sess_314898
evt_711,usr_53,2025-04-23T19:30:57Z,feature_a,sess_620547
evt_712,usr_54,2025-04-26T04:06:34Z,feature_b,sess_817548
evt_713,usr_54,2025-04-24T07:35:19Z,login,sess_119689
evt_714,usr_54,2025-05-29T10:55:16Z,export,sess_287094
evt_715,usr_54,2025-04-09T19:21:22Z,login,sess_499724
evt_716,usr_54,2025-04-23T11:19:16Z,feature_a,sess_569227
evt_717,usr_54,2025-04-14T05:13:10Z,feature_a,sess_329306
evt_718,usr_54,2025-05-07T01:34:11Z,logout,sess_777744
evt_719,usr_54,2025-04-11T05:05:34Z,feature_b,sess_648708
evt_720,usr_54,2025-05-21T10:42:10Z,logout,sess_976727
evt_721,usr_54,2025-04-17T12:27:43Z,feature_b,sess_151189
evt_722,usr_54,2025-04-19T00:50:06Z,login,sess_847554
evt_723,usr_54,2025-04-09T16:29:59Z,feature_b,sess_216429
evt_724,usr_55,2025-05-17T17:34:48Z,login,sess_660678
evt_725,usr_55,2025-05-02T02:52:28Z,feature_a,sess_380672
evt_726,usr_55,2025-04-18T16:26:21Z,login,sess_582537
evt_727,usr_55,2025-04-06T17:48:26Z,logout,sess_517180
evt_728,usr_55,2025-04-19T20:08:21Z,feature_a,sess_279837
evt_729,usr_55,2025-04-15T18:03:11Z,feature_a,sess_981990
evt_730,usr_55,2025-05-07T02:03:14Z,feature_a,sess_293211
evt_731,usr_55,2025-04-28T04:22:29Z,login,sess_473401
evt_732,usr_55,2025-05-31T02:02:37Z,login,sess_858422
evt_733,usr_55,2025-04-11T02:08:58Z,feature_a,sess_369804
evt_734,usr_55,2025-05-22T13:39:47Z,login,sess_775110
evt_735,usr_55,2025-05-21T21:05:06Z,feature_a,sess_115156
evt_736,usr_56,2025-05-24T08:28:59Z,logout,sess_612674
evt_737,usr_56,2025-05-29T21:10:35Z,feature_b,sess_589691
evt_738,usr_56,2025-05-17T12:19:10Z,login,sess_452747
evt_739,usr_56,2025-05-11T12:36:44Z,login,sess_881640
evt_740,usr_56,2025-05-23T21:02:47Z,feature_a,sess_211935
evt_741,usr_56,2025-05-10T02:47:07Z,logout,sess_376543
evt_742,usr_56,2025-05-25T08:25:07Z,logout,sess_533982
evt_743,usr_56,2025-05-13T02:54:04Z,feature_b,sess_369356
evt_744,usr_56,2025-05-31T12:46:13Z,login,sess_466811
evt_745,usr_56,2025-05-02T13:51:05Z,feature_a,sess_651364
evt_746,usr_56,2025-05-20T19:05:41Z,login,sess_565070
evt_747,usr_56,2025-05-18T23:11:56Z,feature_b,sess_206337
evt_748,usr_57,2025-05-10T22:29:06Z,export,sess_932235
evt_749,usr_57,2025-05-11T19:59:46Z,feature_a,sess_764012
evt_750,usr_57,2025-04-11T04:16:56Z,login,sess_922849
evt_751,usr_57,2025-05-29T06:07:45Z,login,sess_240143
evt_752,usr_57,2025-04-15T12:19:16Z,login,sess_217761
evt_753,usr_57,2025-04-16T16:26:35Z,login,sess_697548
evt_754,usr_57,2025-05-27T05:11:37Z,feature_a,sess_212818
evt_755,usr_57,2025-05-09T04:12:52Z,feature_b,sess_118924
evt_756,usr_57,2025-04-10T13:00:56Z,export,sess_937047
evt_757,usr_57,2025-05-28T08:18:51Z,feature_b,sess_269094
evt_758,usr_57,2025-05-18T08:26:58Z,logout,sess_816044
evt_759,usr_57,2025-04-02T23:34:16Z,login,sess_719643
evt_760,usr_58,2025-05-30T23:51:46Z,export,sess_274837
evt_761,usr_58,2025-04-24T20:18:23Z,feature_b,sess_296150
evt_762,usr_58,2025-04-19T18:48:47Z,export,sess_256952
evt_763,usr_58,2025-04-18T21:16:25Z,login,sess_769399
evt_764,usr_58,2025-04-14T09:36:43Z,feature_b,sess_273296
evt_765,usr_58,2025-05-31T10:24:28Z,login,sess_547700
evt_766,usr_58,2025-05-05T10:32:35Z,feature_a,sess_938421
evt_767,usr_58,2025-05-17T08:09:07Z,feature_b,sess_644044
evt_768,usr_58,2025-05-20T17:01:10Z,export,sess_226197
evt_769,usr_58,2025-05-17T04:34:16Z,feature_a,sess_880311
evt_770,usr_58,2025-04-26T22:29:16Z,feature_a,sess_842193
evt_771,usr_58,2025-04-25T20:16:39Z,login,sess_868935
evt_772,usr_59,2025-05-24T13:14:41Z,login,sess_624044
evt_773,usr_59,2025-04-17T04:10:20Z,login,sess_458621
evt_774,usr_59,2025-04-28T02:33:44Z,feature_b,sess_633386
evt_775,usr_59,2025-05-10T00:37:06Z,feature_a,sess_257518
evt_776,usr_59,2025-04-07T04:27:38Z,login,sess_450540
evt_777,usr_59,2025-05-29T05:35:37Z,export,sess_104111
evt_778,usr_59,2025-04-07T21:32:32Z,login,sess_522209
evt_779,usr_59,2025-05-08T17:02:33Z,login,sess_435256
evt_780,usr_59,2025-05-30T05:54:24Z,login,sess_234885
evt_781,usr_59,2025-05-24T12:21:05Z,feature_b,sess_745818
evt_782,usr_59,2025-04-07T21:10:24Z,login,sess_371465
evt_783,usr_59,2025-05-01T07:34:36Z,feature_b,sess_908110
evt_784,usr_60,2025-04-16T06:49:35Z,login,sess_307411
evt_785,usr_60,2025-04-23T21:39:12Z,feature_a,sess_224855
evt_786,usr_60,2025-05-01T06:07:58Z,export,sess_387576
evt_787,usr_60,2025-04-11T03:01:34Z,feature_a,sess_922531
evt_788,usr_60,2025-04-10T02:10:02Z,login,sess_228645
evt_789,usr_60,2025-04-28T18:26:28Z,feature_a,sess_385033
evt_790,usr_60,2025-04-13T11:36:36Z,logout,sess_162233
evt_791,usr_60,2025-04-13T16:25:19Z,feature_b,sess_186894
evt_792,usr_60,2025-05-05T15:08:31Z,logout,sess_692025
evt_793,usr_60,2025-04-20T03:54:01Z,feature_b,sess_178691
evt_794,usr_60,2025-05-30T21:23:20Z,login,sess_314849
evt_795,usr_60,2025-04-05T06:40:24Z,login,sess_324731
evt_796,usr_61,2025-04-08T13:07:24Z,login,sess_148775
evt_797,usr_61,2025-04-03T12:58:30Z,feature_b,sess_361516
evt_798,usr_61,2025-05-22T20:37:03Z,feature_b,sess_621690
evt_799,usr_61,2025-05-17T04:02:41Z,feature_b,sess_495098
evt_800,usr_61,2025-05-22T07:31:10Z,logout,sess_353222
evt_801,usr_61,2025-05-15T04:45:26Z,login,sess_438178
evt_802,usr_61,2025-04-15T18:55:56Z,feature_b,sess_104203
evt_803,usr_61,2025-04-10T01:10:08Z,feature_b,sess_236312
evt_804,usr_61,2025-04-19T08:10:20Z,feature_b,sess_830063
evt_805,usr_61,2025-04-21T05:30:20Z,login,sess_685865
evt_806,usr_61,2025-04-21T08:06:28Z,login,sess_822229
evt_807,usr_61,2025-04-26T04:03:00Z,feature_a,sess_156241
evt_808,usr_62,2025-05-18T12:05:45Z,login,sess_344122
evt_809,usr_62,2025-05-07T16:09:07Z,feature_b,sess_130483
evt_810,usr_62,2025-05-22T18:21:30Z,feature_b,sess_233127
evt_811,usr_62,2025-04-22T15:23:52Z,login,sess_403034
evt_812,usr_62,2025-04-07T11:58:49Z,feature_a,sess_370701
evt_813,usr_62,2025-05-23T03:30:27Z,login,sess_456302
evt_814,usr_62,2025-04-16T07:31:58Z,login,sess_141606
evt_815,usr_62,2025-06-01T10:18:52Z,login,sess_804437
evt_816,usr_62,2025-05-29T14:00:56Z,login,sess_798684
evt_817,usr_62,2025-04-10T12:25:36Z,logout,sess_949362
evt_818,usr_62,2025-04-21T08:34:42Z,feature_b,sess_169901
evt_819,usr_62,2025-04-13T21:34:51Z,feature_b,sess_308534
evt_820,usr_63,2025-05-22T10:36:56Z,login,sess_945417
evt_821,usr_63,2025-05-31T18:33:07Z,export,sess_229789
evt_822,usr_63,2025-05-09T08:33:39Z,login,sess_361740
evt_823,usr_63,2025-04-10T07:19:10Z,login,sess_320566
evt_824,usr_63,2025-04-02T22:43:04Z,feature_b,sess_294618
evt_825,usr_63,2025-04-06T20:27:04Z,login,sess_331129
evt_826,usr_63,2025-04-18T22:40:48Z,login,sess_608600
evt_827,usr_63,2025-04-06T08:17:49Z,logout,sess_583364
evt_828,usr_63,2025-05-28T17:43:26Z,logout,sess_831481
evt_829,usr_63,2025-04-05T13:59:59Z,feature_b,sess_572500
evt_830,usr_63,2025-05-18T13:43:21Z,feature_a,sess_177086
evt_831,usr_63,2025-06-01T11:54:48Z,login,sess_290351
evt_832,usr_64,2025-05-31T19:44:52Z,login,sess_365695
evt_833,usr_64,2025-05-07T20:26:45Z,feature_a,sess_251257
evt_834,usr_64,2025-04-06T01:27:21Z,login,sess_218753
evt_835,usr_64,2025-04-23T23:33:39Z,login,sess_562868
evt_836,usr_64,2025-05-02T08:03:29Z,login,sess_503671
evt_837,usr_64,2025-05-15T13:06:06Z,login,sess_318388
evt_838,usr_64,2025-04-09T03:28:31Z,login,sess_691811
evt_839,usr_64,2025-05-18T14:26:32Z,feature_a,sess_741914
evt_840,usr_64,2025-05-30T13:56:25Z,login,sess_218825
evt_841,usr_64,2025-05-01T09:14:39Z,feature_a,sess_366711
evt_842,usr_64,2025-04-30T03:42:26Z,export,sess_651167
evt_843,usr_64,2025-04-24T14:53:38Z,feature_a,sess_209561
evt_844,usr_65,2025-04-24T13:09:47Z,login,sess_944454
evt_845,usr_65,2025-05-23T12:58:04Z,feature_a,sess_255963
evt_846,usr_65,2025-05-09T20:36:01Z,feature_b,sess_611861
evt_847,usr_65,2025-05-25T19:06:05Z,export,sess_261628
evt_848,usr_65,2025-04-17T00:23:49Z,feature_a,sess_227874
evt_849,usr_65,2025-06-01T04:13:42Z,login,sess_671775
evt_850,usr_65,2025-05-17T20:02:56Z,login,sess_130920
evt_851,usr_65,2025-05-10T05:23:06Z,login,sess_244108
evt_852,usr_65,2025-05-31T07:25:22Z,feature_b,sess_127368
evt_853,usr_65,2025-05-24T20:55:00Z,feature_a,sess_134240
evt_854,usr_65,2025-04-07T09:50:10Z,feature_a,sess_516772
evt_855,usr_65,2025-05-30T03:32:03Z,feature_b,sess_755858
evt_856,usr_66,2025-05-06T13:35:56Z,logout,sess_577722
evt_857,usr_66,2025-05-13T22:53:41Z,feature_b,sess_492796
evt_858,usr_66,2025-04-23T04:59:41Z,login,sess_273203
evt_859,usr_66,2025-04-02T18:18:04Z,login,sess_187216
evt_860,usr_66,2025-05-23T09:56:48Z,login,sess_394087
evt_861,usr_66,2025-05-18T11:42:03Z,feature_a,sess_817701
evt_862,usr_66,2025-05-31T19:00:57Z,export,sess_595272
evt_863,usr_66,2025-04-13T21:29:48Z,export,sess_938499
evt_864,usr_66,2025-05-07T02:14:39Z,export,sess_898652
evt_865,usr_66,2025-05-14T23:50:41Z,login,sess_160725
evt_866,usr_66,2025-04-22T13:20:26Z,login,sess_723908
evt_867,usr_66,2025-04-22T11:22:17Z,login,sess_505583
evt_868,usr_67,2025-05-13T11:04:15Z,login,sess_280149
evt_869,usr_67,2025-05-20T00:06:30Z,login,sess_608429
evt_870,usr_67,2025-04-10T22:32:45Z,feature_a,sess_607807
evt_871,usr_67,2025-04-27T19:43:46Z,feature_b,sess_875719
evt_872,usr_67,2025-05-01T04:22:00Z,login,sess_347534
evt_873,usr_67,2025-05-14T21:57:24Z,feature_a,sess_212960
evt_874,usr_67,2025-04-15T04:26:50Z,login,sess_627751
evt_875,usr_67,2025-04-27T19:20:35Z,feature_b,sess_458304
evt_876,usr_67,2025-06-01T08:45:32Z,feature_a,sess_102148
evt_877,usr_67,2025-05-08T14:34:31Z,login,sess_881191
evt_878,usr_67,2025-04-21T15:28:34Z,login,sess_427414
evt_879,usr_67,2025-04-03T23:49:34Z,feature_a,sess_650545
evt_880,usr_68,2025-04-23T18:13:46Z,logout,sess_866052
evt_881,usr_68,2025-05-20T10:12:19Z,login,sess_168895
evt_882,usr_68,2025-04-17T19:23:35Z,feature_b,sess_866335
evt_883,usr_68,2025-04-28T10:20:54Z,export,sess_496263
evt_884,usr_68,2025-04-20T23:26:17Z,logout,sess_144904
evt_885,usr_68,2025-04-14T14:55:42Z,export,sess_471058
evt_886,usr_68,2025-05-03T23:37:07Z,login,sess_887890
evt_887,usr_68,2025-05-16T23:51:24Z,login,sess_810032
evt_888,usr_68,2025-04-01T20:11:16Z,login,sess_586035
evt_889,usr_68,2025-05-04T23:43:55Z,login,sess_525809
evt_890,usr_68,2025-04-24T04:48:43Z,login,sess_491546
evt_891,usr_68,2025-05-16T21:07:10Z,feature_b,sess_744160
evt_892,usr_69,2025-04-23T04:06:33Z,login,sess_496453
evt_893,usr_69,2025-04-20T11:49:48Z,feature_a,sess_384006
evt_894,usr_69,2025-05-08T05:39:48Z,login,sess_142360
evt_895,usr_69,2025-04-04T11:01:47Z,login,sess_191648
evt_896,usr_69,2025-04-24T14:54:18Z,login,sess_118618
evt_897,usr_69,2025-05-10T19:42:08Z,feature_b,sess_336739
evt_898,usr_69,2025-05-17T04:07:33Z,export,sess_133441
evt_899,usr_69,2025-05-26T19:23:42Z,feature_a,sess_675915
evt_900,usr_69,2025-04-23T11:58:35Z,login,sess_243078
evt_901,usr_69,2025-04-20T12:13:10Z,feature_b,sess_366026
evt_902,usr_69,2025-04-11T13:29:55Z,logout,sess_127714
evt_903,usr_69,2025-04-25T11:30:34Z,feature_b,sess_331747
evt_904,usr_70,2025-04-13T13:37:46Z,feature_a,sess_355225
evt_905,usr_70,2025-05-29T01:23:19Z,feature_b,sess_173070
evt_906,usr_70,2025-05-11T15:52:49Z,feature_a,sess_592546
evt_907,usr_70,2025-04-15T19:12:02Z,feature_b,sess_296805
evt_908,usr_70,2025-04-11T19:46:00Z,feature_b,sess_811950
evt_909,usr_70,2025-05-04T06:59:34Z,feature_a,sess_364635
evt_910,usr_70,2025-05-11T21:52:54Z,login,sess_961187
evt_911,usr_70,2025-04-29T15:27:25Z,feature_b,sess_432271
evt_912,usr_70,2025-04-05T08:54:03Z,export,sess_307997
evt_913,usr_70,2025-05-11T18:47:27Z,feature_b,sess_405999
evt_914,usr_70,2025-04-27T02:35:28Z,export,sess_910404
evt_915,usr_70,2025-05-19T02:03:49Z,feature_a,sess_446551
evt_916,usr_71,2025-04-23T23:29:58Z,export,sess_857634
evt_917,usr_71,2025-04-04T09:22:06Z,login,sess_819470
evt_918,usr_71,2025-05-01T23:51:25Z,feature_a,sess_711199
evt_919,usr_71,2025-04-27T09:23:39Z,login,sess_440534
evt_920,usr_71,2025-04-09T15:53:50Z,feature_a,sess_536248
evt_921,usr_71,2025-04-05T10:49:51Z,login,sess_123477
evt_922,usr_71,2025-05-19T00:38:12Z,login,sess_664947
evt_923,usr_71,2025-04-22T19:04:38Z,feature_b,sess_646943
evt_924,usr_71,2025-04-12T06:31:16Z,feature_a,sess_830900
evt_925,usr_71,2025-04-06T08:17:36Z,login,sess_407273
evt_926,usr_71,2025-04-06T14:40:09Z,feature_a,sess_586407
evt_927,usr_71,2025-04-11T14:44:20Z,login,sess_223209
evt_928,usr_72,2025-05-14T14:17:31Z,login,sess_363980
evt_929,usr_72,2025-05-07T12:38:23Z,export,sess_807172
evt_930,usr_72,2025-04-02T15:20:33Z,feature_a,sess_608959
evt_931,usr_72,2025-05-27T15:54:26Z,login,sess_261910
evt_932,usr_72,2025-04-09T17:42:48Z,login,sess_309803
evt_933,usr_72,2025-04-15T04:37:51Z,feature_a,sess_353741
evt_934,usr_72,2025-05-09T04:15:52Z,login,sess_226368
evt_935,usr_72,2025-05-08T16:19:03Z,login,sess_755589
evt_936,usr_72,2025-05-02T18:06:48Z,login,sess_140872
evt_937,usr_72,2025-05-05T17:37:21Z,feature_b,sess_663765
evt_938,usr_72,2025-04-13T02:21:34Z,feature_b,sess_458959
evt_939,usr_72,2025-05-21T14:02:13Z,export,sess_993039
evt_940,usr_73,2025-05-12T13:32:49Z,login,sess_550536
evt_941,usr_73,2025-04-19T08:33:48Z,login,sess_651228
evt_942,usr_73,2025-05-11T07:13:31Z,login,sess_421196
evt_943,usr_73,2025-04-08T20:15:18Z,login,sess_565841
evt_944,usr_73,2025-05-15T21:14:22Z,export,sess_924786
evt_945,usr_73,2025-04-17T21:32:20Z,feature_b,sess_496778
evt_946,usr_73,2025-05-31T03:13:41Z,login,sess_857050
evt_947,usr_73,2025-06-01T04:18:22Z,logout,sess_556035
evt_948,usr_73,2025-04-12T21:04:36Z,login,sess_755504
evt_949,usr_73,2025-04-02T01:10:41Z,export,sess_462484
evt_950,usr_73,2025-04-18T19:57:27Z,feature_a,sess_798066
evt_951,usr_73,2025-04-13T14:45:22Z,feature_b,sess_923174
evt_952,usr_74,2025-05-05T03:35:57Z,login,sess_345082
evt_953,usr_74,2025-05-27T06:04:14Z,export,sess_786459
evt_954,usr_74,2025-04-24T04:51:51Z,login,sess_919665
evt_955,usr_74,2025-05-21T04:34:41Z,login,sess_785821
evt_956,usr_74,2025-04-30T04:22:35Z,login,sess_551800
evt_957,usr_74,2025-05-05T08:11:44Z,feature_a,sess_707025
evt_958,usr_74,2025-05-30T14:53:35Z,login,sess_298649
evt_959,usr_74,2025-04-14T06:53:45Z,logout,sess_529263
evt_960,usr_74,2025-05-22T14:38:23Z,feature_b,sess_452740
evt_961,usr_74,2025-04-09T06:13:44Z,feature_a,sess_405692
evt_962,usr_74,2025-05-02T06:55:51Z,login,sess_972702
evt_963,usr_74,2025-05-16T02:52:49Z,feature_a,sess_894807
evt_964,usr_75,2025-05-13T21:14:13Z,login,sess_717193
evt_965,usr_75,2025-05-03T11:03:59Z,feature_b,sess_661182
evt_966,usr_75,2025-05-10T09:47:09Z,feature_a,sess_313942
evt_967,usr_75,2025-04-21T17:57:12Z,feature_a,sess_355101
evt_968,usr_75,2025-04-20T04:48:51Z,login,sess_535085
evt_969,usr_75,2025-05-02T11:24:20Z,feature_a,sess_770961
evt_970,usr_75,2025-05-21T14:47:59Z,login,sess_479495
evt_971,usr_75,2025-05-06T22:13:22Z,feature_b,sess_584524
evt_972,usr_75,2025-05-30T10:32:25Z,login,sess_694709
evt_973,usr_75,2025-04-16T04:02:58Z,feature_b,sess_833828
evt_974,usr_75,2025-04-26T01:27:48Z,feature_b,sess_744639
evt_975,usr_75,2025-05-05T15:10:40Z,feature_b,sess_961962
evt_976,usr_76,2025-04-01T13:31:46Z,logout,sess_503203
evt_977,usr_76,2025-04-06T22:14:08Z,feature_a,sess_913447
evt_978,usr_76,2025-04-06T07:59:07Z,logout,sess_298106
evt_979,usr_76,2025-04-05T05:52:47Z,feature_b,sess_963081
evt_980,usr_76,2025-04-01T16:54:04Z,feature_a,sess_680845
evt_981,usr_76,2025-04-11T06:55:53Z,login,sess_124410
evt_982,usr_76,2025-05-16T15:26:39Z,feature_a,sess_113045
evt_983,usr_76,2025-04-12T09:50:13Z,feature_b,sess_283142
evt_984,usr_76,2025-05-03T05:59:46Z,export,sess_786747
evt_985,usr_76,2025-04-22T04:34:13Z,login,sess_872113
evt_986,usr_76,2025-05-02T09:57:49Z,feature_a,sess_781724
evt_987,usr_76,2025-04-12T01:10:57Z,feature_b,sess_667971
evt_988,usr_77,2025-05-10T19:39:49Z,export,sess_522199
evt_989,usr_77,2025-05-17T16:58:55Z,feature_a,sess_549706
evt_990,usr_77,2025-05-13T19:05:35Z,login,sess_828157
evt_991,usr_77,2025-04-18T17:48:27Z,logout,sess_694647
evt_992,usr_77,2025-05-05T09:57:39Z,export,sess_351845
evt_993,usr_77,2025-04-17T13:36:31Z,login,sess_420805
evt_994,usr_77,2025-05-05T23:24:17Z,logout,sess_275405
evt_995,usr_77,2025-05-26T12:57:17Z,login,sess_933820
evt_996,usr_77,2025-04-26T03:37:27Z,feature_b,sess_112066
evt_997,usr_77,2025-05-30T06:40:58Z,login,sess_108398
evt_998,usr_77,2025-04-02T11:26:28Z,login,sess_190381
evt_999,usr_77,2025-05-11T22:30:15Z,feature_b,sess_589685
evt_1000,usr_78,2025-04-10T01:39:32Z,login,sess_991910
evt_1001,usr_78,2025-05-17T01:43:57Z,login,sess_230827
evt_1002,usr_78,2025-04-30T19:32:25Z,export,sess_669593
evt_1003,usr_78,2025-05-24T17:33:21Z,feature_b,sess_196277
evt_1004,usr_78,2025-05-06T23:04:48Z,login,sess_593477
evt_1005,usr_78,2025-04-28T18:38:59Z,feature_a,sess_357465
evt_1006,usr_78,2025-05-20T05:30:08Z,login,sess_822874
evt_1007,usr_78,2025-05-24T13:32:44Z,feature_b,sess_652438
evt_1008,usr_78,2025-05-08T00:34:42Z,feature_b,sess_805959
evt_1009,usr_78,2025-04-19T02:04:13Z,feature_a,sess_356961
evt_1010,usr_78,2025-04-23T05:01:58Z,feature_a,sess_741209
evt_1011,usr_78,2025-04-07T19:32:45Z,login,sess_784590
evt_1012,usr_79,2025-04-30T16:41:50Z,feature_a,sess_704904
evt_1013,usr_79,2025-04-12T19:03:01Z,login,sess_114315
evt_1014,usr_79,2025-04-18T00:43:15Z,login,sess_898729
evt_1015,usr_79,2025-04-02T19:46:42Z,login,sess_298451
evt_1016,usr_79,2025-05-12T13:13:05Z,login,sess_350243
evt_1017,usr_79,2025-04-04T22:28:08Z,login,sess_248868
evt_1018,usr_79,2025-05-12T21:07:03Z,feature_a,sess_226026
evt_1019,usr_79,2025-04-14T03:06:18Z,login,sess_247030
evt_1020,usr_79,2025-04-11T09:19:25Z,login,sess_623456
evt_1021,usr_79,2025-05-16T12:01:23Z,feature_a,sess_286143
evt_1022,usr_79,2025-05-18T11:57:14Z,logout,sess_229243
evt_1023,usr_79,2025-05-13T11:31:14Z,feature_a,sess_421296
evt_1024,usr_80,2025-04-08T08:47:46Z,login,sess_486344
evt_1025,usr_80,2025-04-08T08:33:35Z,export,sess_782517
evt_1026,usr_80,2025-05-08T19:04:59Z,feature_a,sess_194307
evt_1027,usr_80,2025-04-05T03:00:55Z,feature_b,sess_187122
evt_1028,usr_80,2025-05-24T16:29:25Z,export,sess_574727
evt_1029,usr_80,2025-04-02T22:52:18Z,export,sess_241862
evt_1030,usr_80,2025-04-09T23:43:44Z,feature_a,sess_832162
evt_1031,usr_80,2025-04-06T15:13:47Z,login,sess_596404
evt_1032,usr_80,2025-05-15T02:29:54Z,login,sess_463650
evt_1033,usr_80,2025-05-22T23:33:05Z,feature_a,sess_448404
evt_1034,usr_80,2025-04-14T20:08:57Z,feature_a,sess_540338
evt_1035,usr_80,2025-04-28T06:46:19Z,export,sess_257418
evt_1036,usr_81,2025-04-17T10:14:50Z,login,sess_837879
evt_1037,usr_81,2025-05-22T07:25:08Z,feature_b,sess_848236
evt_1038,usr_81,2025-05-17T07:43:57Z,export,sess_389768
evt_1039,usr_81,2025-05-11T06:57:57Z,login,sess_880267
evt_1040,usr_81,2025-04-16T14:58:56Z,login,sess_202788
evt_1041,usr_81,2025-05-16T01:47:24Z,logout,sess_668525
evt_1042,usr_81,2025-04-09T13:20:07Z,feature_b,sess_200660
evt_1043,usr_81,2025-05-12T10:20:44Z,feature_a,sess_281538
evt_1044,usr_81,2025-05-09T12:15:44Z,logout,sess_700875
evt_1045,usr_81,2025-05-01T09:27:22Z,login,sess_405060
evt_1046,usr_81,2025-06-01T04:25:38Z,login,sess_216511
evt_1047,usr_81,2025-05-13T19:19:30Z,login,sess_938735
evt_1048,usr_82,2025-05-29T22:03:01Z,login,sess_108063
evt_1049,usr_82,2025-05-05T03:04:13Z,login,sess_490864
evt_1050,usr_82,2025-05-20T06:43:01Z,feature_a,sess_156915
evt_1051,usr_82,2025-05-03T12:13:46Z,logout,sess_893220
evt_1052,usr_82,2025-05-09T12:29:21Z,feature_a,sess_747901
evt_1053,usr_82,2025-04-02T10:03:50Z,login,sess_106673
evt_1054,usr_82,2025-05-05T06:17:42Z,login,sess_701722
evt_1055,usr_82,2025-05-13T09:42:52Z,feature_a,sess_746414
evt_1056,usr_82,2025-05-22T03:50:54Z,login,sess_681290
evt_1057,usr_82,2025-05-27T18:48:49Z,login,sess_950547
evt_1058,usr_82,2025-05-10T15:33:19Z,login,sess_371218
evt_1059,usr_82,2025-05-31T23:04:43Z,login,sess_159250
evt_1060,usr_83,2025-05-09T16:53:06Z,logout,sess_491983
evt_1061,usr_83,2025-05-14T20:21:11Z,feature_b,sess_641616
evt_1062,usr_83,2025-05-03T00:28:46Z,logout,sess_450795
evt_1063,usr_83,2025-04-27T23:44:21Z,login,sess_794842
evt_1064,usr_83,2025-05-17T20:37:52Z,feature_a,sess_830764
evt_1065,usr_83,2025-04-02T09:01:25Z,login,sess_690892
evt_1066,usr_83,2025-05-31T04:28:49Z,export,sess_579266
evt_1067,usr_83,2025-05-12T02:54:29Z,export,sess_905753
evt_1068,usr_83,2025-05-15T01:22:58Z,feature_b,sess_725833
evt_1069,usr_83,2025-05-12T08:45:12Z,logout,sess_775616
evt_1070,usr_83,2025-04-27T00:28:00Z,login,sess_694682
evt_1071,usr_83,2025-05-27T06:12:16Z,login,sess_401787
evt_1072,usr_84,2025-04-16T05:14:55Z,feature_b,sess_834850
evt_1073,usr_84,2025-04-06T14:09:29Z,login,sess_792331
evt_1074,usr_84,2025-04-08T02:34:18Z,feature_b,sess_641968
evt_1075,usr_84,2025-05-02T01:55:42Z,login,sess_187222
evt_1076,usr_84,2025-05-20T11:18:09Z,feature_a,sess_493608
evt_1077,usr_84,2025-04-13T20:25:09Z,feature_a,sess_152608
evt_1078,usr_84,2025-04-11T08:15:01Z,feature_a,sess_250647
evt_1079,usr_84,2025-05-18T03:07:58Z,login,sess_364251
evt_1080,usr_84,2025-04-21T18:29:51Z,login,sess_521155
evt_1081,usr_84,2025-05-19T23:02:12Z,logout,sess_367671
evt_1082,usr_84,2025-04-05T23:03:27Z,feature_b,sess_237611
evt_1083,usr_84,2025-04-09T10:14:32Z,login,sess_529637
evt_1084,usr_85,2025-04-21T14:01:56Z,feature_a,sess_383240
evt_1085,usr_85,2025-04-14T04:16:52Z,export,sess_901601
evt_1086,usr_85,2025-05-14T17:30:02Z,feature_a,sess_405645
evt_1087,usr_85,2025-05-14T17:34:18Z,login,sess_881078
evt_1088,usr_85,2025-04-26T21:51:07Z,export,sess_966413
evt_1089,usr_85,2025-05-04T04:22:07Z,feature_a,sess_731483
evt_1090,usr_85,2025-04-21T13:10:30Z,feature_b,sess_636042
evt_1091,usr_85,2025-04-01T14:42:40Z,login,sess_480177
evt_1092,usr_85,2025-04-07T12:05:02Z,login,sess_136804
evt_1093,usr_85,2025-05-22T23:32:59Z,feature_a,sess_604188
evt_1094,usr_85,2025-04-07T16:50:16Z,logout,sess_674140
evt_1095,usr_85,2025-05-06T18:27:10Z,feature_b,sess_145059
evt_1096,usr_86,2025-05-12T06:00:02Z,feature_a,sess_396942
evt_1097,usr_86,2025-05-12T01:29:15Z,feature_a,sess_745912
evt_1098,usr_86,2025-05-29T22:03:33Z,login,sess_469625
evt_1099,usr_86,2025-05-22T14:12:56Z,login,sess_711333
evt_1100,usr_86,2025-04-24T01:10:41Z,login,sess_698505
evt_1101,usr_86,2025-04-21T23:25:46Z,login,sess_573733
evt_1102,usr_86,2025-04-08T15:21:36Z,login,sess_247368
evt_1103,usr_86,2025-04-30T20:40:12Z,login,sess_741753
evt_1104,usr_86,2025-05-11T11:32:04Z,feature_a,sess_458831
evt_1105,usr_86,2025-05-31T23:07:28Z,feature_a,sess_895823
evt_1106,usr_86,2025-05-11T12:54:42Z,feature_b,sess_370821
evt_1107,usr_86,2025-04-24T12:06:15Z,login,sess_742813
evt_1108,usr_87,2025-04-30T22:44:37Z,export,sess_911647
evt_1109,usr_87,2025-04-27T05:17:06Z,feature_a,sess_937125
evt_1110,usr_87,2025-04-21T09:10:50Z,export,sess_705311
evt_1111,usr_87,2025-04-21T07:48:00Z,login,sess_714067
evt_1112,usr_87,2025-04-23T07:04:44Z,export,sess_862658
evt_1113,usr_87,2025-04-03T09:27:38Z,feature_b,sess_125838
evt_1114,usr_87,2025-05-09T18:05:30Z,feature_b,sess_307618
evt_1115,usr_87,2025-04-19T07:26:19Z,login,sess_583929
evt_1116,usr_87,2025-05-22T01:13:44Z,login,sess_786092
evt_1117,usr_87,2025-04-14T19:13:04Z,login,sess_159413
evt_1118,usr_87,2025-04-08T01:12:56Z,login,sess_603920
evt_1119,usr_87,2025-05-24T22:22:44Z,login,sess_174340
evt_1120,usr_88,2025-05-27T10:23:18Z,login,sess_537866
evt_1121,usr_88,2025-04-15T02:46:36Z,export,sess_515321
evt_1122,usr_88,2025-04-18T23:06:44Z,feature_b,sess_671831
evt_1123,usr_88,2025-05-01T17:12:28Z,export,sess_221242
evt_1124,usr_88,2025-05-25T00:34:10Z,feature_a,sess_575615
evt_1125,usr_88,2025-05-03T18:46:05Z,login,sess_511830
evt_1126,usr_88,2025-05-23T15:29:33Z,login,sess_978659
evt_1127,usr_88,2025-05-10T07:18:06Z,export,sess_347018
evt_1128,usr_88,2025-04-08T03:50:02Z,login,sess_237651
evt_1129,usr_88,2025-05-13T07:31:05Z,feature_a,sess_114388
evt_1130,usr_88,2025-04-30T15:41:30Z,login,sess_858444
evt_1131,usr_88,2025-05-03T11:16:07Z,feature_a,sess_551925
evt_1132,usr_89,2025-04-26T02:17:10Z,export,sess_907041
evt_1133,usr_89,2025-04-14T05:03:42Z,feature_b,sess_970720
evt_1134,usr_89,2025-04-13T11:49:26Z,login,sess_215446
evt_1135,usr_89,2025-05-20T21:13:40Z,login,sess_136696
evt_1136,usr_89,2025-04-05T14:28:54Z,login,sess_913654
evt_1137,usr_89,2025-04-07T14:09:54Z,login,sess_620905
evt_1138,usr_89,2025-04-28T12:08:15Z,feature_b,sess_277407
evt_1139,usr_89,2025-05-22T09:58:33Z,login,sess_275737
evt_1140,usr_89,2025-04-20T10:12:07Z,feature_a,sess_566097
evt_1141,usr_89,2025-04-03T16:34:13Z,feature_a,sess_286232
evt_1142,usr_89,2025-04-24T01:19:27Z,feature_a,sess_997712
evt_1143,usr_89,2025-04-12T23:12:26Z,feature_b,sess_838005
evt_1144,usr_90,2025-04-13T15:30:47Z,login,sess_630593
evt_1145,usr_90,2025-04-05T16:13:06Z,feature_a,sess_137210
evt_1146,usr_90,2025-04-29T21:09:19Z,login,sess_835578
evt_1147,usr_90,2025-05-30T07:09:46Z,feature_a,sess_389914
evt_1148,usr_90,2025-05-24T10:35:20Z,feature_b,sess_439444
evt_1149,usr_90,2025-05-10T15:50:20Z,logout,sess_947418
evt_1150,usr_90,2025-05-06T09:33:28Z,logout,sess_390783
evt_1151,usr_90,2025-04-14T10:22:38Z,feature_a,sess_124365
evt_1152,usr_90,2025-04-02T15:50:03Z,login,sess_332806
evt_1153,usr_90,2025-04-30T11:33:45Z,login,sess_816267
evt_1154,usr_90,2025-04-05T23:43:47Z,export,sess_905467
evt_1155,usr_90,2025-05-24T08:56:31Z,login,sess_714256
evt_1156,usr_91,2025-05-07T06:10:24Z,feature_a,sess_937689
evt_1157,usr_91,2025-04-18T20:10:23Z,logout,sess_995056
evt_1158,usr_91,2025-04-08T18:07:38Z,login,sess_447511
evt_1159,usr_91,2025-04-05T00:35:32Z,feature_a,sess_495217
evt_1160,usr_91,2025-04-03T08:28:52Z,feature_a,sess_132528
evt_1161,usr_91,2025-05-09T05:11:02Z,login,sess_465530
evt_1162,usr_91,2025-04-16T23:42:40Z,login,sess_946243
evt_1163,usr_91,2025-05-03T21:49:38Z,login,sess_483161
evt_1164,usr_91,2025-05-28T18:38:02Z,login,sess_753063
evt_1165,usr_91,2025-04-09T14:29:21Z,login,sess_963000
evt_1166,usr_91,2025-05-26T23:28:20Z,login,sess_369251
evt_1167,usr_91,2025-04-08T06:35:54Z,feature_a,sess_195205
evt_1168,usr_92,2025-04-05T11:32:02Z,login,sess_795968
evt_1169,usr_92,2025-05-11T00:45:36Z,feature_a,sess_595479
evt_1170,usr_92,2025-05-01T13:56:20Z,login,sess_434364
evt_1171,usr_92,2025-04-16T14:59:58Z,login,sess_543239
evt_1172,usr_92,2025-05-20T03:05:22Z,login,sess_742709
evt_1173,usr_92,2025-04-28T18:10:49Z,login,sess_664780
evt_1174,usr_92,2025-04-07T05:49:54Z,feature_b,sess_959510
evt_1175,usr_92,2025-05-03T23:10:01Z,login,sess_360941
evt_1176,usr_92,2025-04-06T11:56:47Z,feature_a,sess_358902
evt_1177,usr_92,2025-05-01T04:40:52Z,login,sess_563101
evt_1178,usr_92,2025-05-01T21:16:26Z,login,sess_418805
evt_1179,usr_92,2025-05-08T21:47:14Z,login,sess_589099
evt_1180,usr_93,2025-05-19T09:22:08Z,feature_a,sess_715988
evt_1181,usr_93,2025-05-14T02:50:52Z,feature_a,sess_356233
evt_1182,usr_93,2025-05-29T22:41:13Z,login,sess_217818
evt_1183,usr_93,2025-05-10T15:47:11Z,logout,sess_644204
evt_1184,usr_93,2025-04-23T20:19:06Z,feature_b,sess_396659
evt_1185,usr_93,2025-04-17T23:19:43Z,login,sess_712252
evt_1186,usr_93,2025-05-15T08:25:29Z,feature_a,sess_377545
evt_1187,usr_93,2025-05-20T10:55:18Z,export,sess_757066
evt_1188,usr_93,2025-04-28T01:53:54Z,feature_a,sess_422433
evt_1189,usr_93,2025-04-09T04:08:53Z,logout,sess_699591
evt_1190,usr_93,2025-04-27T07:48:08Z,login,sess_634309
evt_1191,usr_93,2025-05-08T08:01:39Z,feature_b,sess_999208
evt_1192,usr_94,2025-04-24T17:22:49Z,login,sess_788598
evt_1193,usr_94,2025-04-04T05:04:44Z,feature_a,sess_998033
evt_1194,usr_94,2025-05-04T23:24:07Z,export,sess_290785
evt_1195,usr_94,2025-04-04T12:05:35Z,login,sess_105434
evt_1196,usr_94,2025-05-26T05:29:13Z,login,sess_996725
evt_1197,usr_94,2025-05-03T00:30:22Z,feature_a,sess_297193
evt_1198,usr_94,2025-04-18T15:27:05Z,feature_b,sess_501371
evt_1199,usr_94,2025-05-13T11:32:52Z,feature_a,sess_794399
evt_1200,usr_94,2025-04-28T21:09:59Z,feature_a,sess_107144
evt_1201,usr_94,2025-04-10T08:51:53Z,login,sess_814926
evt_1202,usr_94,2025-04-18T02:07:13Z,login,sess_446386
evt_1203,usr_94,2025-05-14T17:50:56Z,login,sess_776669
evt_1204,usr_95,2025-05-07T06:22:31Z,feature_a,sess_707005
evt_1205,usr_95,2025-04-02T17:30:20Z,login,sess_650286
evt_1206,usr_95,2025-04-28T20:18:17Z,feature_a,sess_551619
evt_1207,usr_95,2025-05-28T23:55:28Z,login,sess_118389
evt_1208,usr_95,2025-05-01T20:00:39Z,export,sess_732012
evt_1209,usr_95,2025-05-24T08:36:21Z,login,sess_928848
evt_1210,usr_95,2025-05-08T10:49:56Z,login,sess_472297
evt_1211,usr_95,2025-04-22T12:14:54Z,feature_a,sess_229957
evt_1212,usr_95,2025-05-03T03:28:04Z,login,sess_734552
evt_1213,usr_95,2025-05-24T12:28:47Z,login,sess_213610
evt_1214,usr_95,2025-05-03T18:34:59Z,login,sess_297266
evt_1215,usr_95,2025-04-05T10:18:30Z,feature_b,sess_311525
evt_1216,usr_96,2025-04-24T04:43:03Z,export,sess_843456
evt_1217,usr_96,2025-05-08T08:05:39Z,login,sess_493331
evt_1218,usr_96,2025-04-08T15:37:56Z,login,sess_376848
evt_1219,usr_96,2025-04-01T16:17:14Z,login,sess_850233
evt_1220,usr_96,2025-04-07T00:15:31Z,login,sess_712321
evt_1221,usr_96,2025-05-30T19:43:50Z,feature_b,sess_951449
evt_1222,usr_96,2025-04-23T15:36:13Z,logout,sess_707088
evt_1223,usr_96,2025-04-09T19:52:18Z,feature_b,sess_164238
evt_1224,usr_96,2025-05-07T23:51:43Z,logout,sess_165304
evt_1225,usr_96,2025-04-26T20:33:00Z,export,sess_866667
evt_1226,usr_96,2025-04-11T06:20:57Z,feature_a,sess_973938
evt_1227,usr_96,2025-05-08T18:29:04Z,login,sess_463237
evt_1228,usr_97,2025-04-19T19:47:46Z,feature_a,sess_828948
evt_1229,usr_97,2025-04-28T04:14:42Z,login,sess_624002
evt_1230,usr_97,2025-05-18T08:44:08Z,feature_a,sess_600887
evt_1231,usr_97,2025-05-03T01:16:55Z,feature_a,sess_354913
evt_1232,usr_97,2025-05-21T06:49:54Z,logout,sess_777871
evt_1233,usr_97,2025-04-21T20:40:26Z,export,sess_555823
evt_1234,usr_97,2025-04-02T09:22:39Z,feature_b,sess_349619
evt_1235,usr_97,2025-04-20T15:36:47Z,login,sess_529171
evt_1236,usr_97,2025-04-05T07:19:00Z,login,sess_429208
evt_1237,usr_97,2025-04-15T05:26:59Z,feature_a,sess_661206
evt_1238,usr_97,2025-05-15T04:10:37Z,login,sess_733473
evt_1239,usr_97,2025-04-22T20:26:09Z,login,sess_867825
evt_1240,usr_98,2025-04-17T01:59:55Z,export,sess_466634
evt_1241,usr_98,2025-04-28T14:49:48Z,login,sess_994183
evt_1242,usr_98,2025-05-10T22:13:01Z,login,sess_360097
evt_1243,usr_98,2025-05-17T19:31:59Z,logout,sess_466959
evt_1244,usr_98,2025-05-26T01:05:08Z,login,sess_494064
evt_1245,usr_98,2025-05-07T22:05:53Z,feature_a,sess_677406
evt_1246,usr_98,2025-05-25T16:32:19Z,login,sess_452553
evt_1247,usr_98,2025-05-10T15:00:09Z,login,sess_716627
evt_1248,usr_98,2025-04-22T08:13:11Z,login,sess_993375
evt_1249,usr_98,2025-04-09T11:09:44Z,login,sess_132601
evt_1250,usr_98,2025-05-20T20:09:26Z,login,sess_134493
evt_1251,usr_98,2025-05-05T09:19:39Z,login,sess_732738
evt_1252,usr_99,2025-04-23T02:23:42Z,feature_a,sess_313559
evt_1253,usr_99,2025-04-07T23:24:08Z,feature_b,sess_530248
evt_1254,usr_99,2025-05-30T12:32:24Z,feature_a,sess_787152
evt_1255,usr_99,2025-04-15T03:47:04Z,login,sess_332452
evt_1256,usr_99,2025-04-08T08:47:12Z,login,sess_831986
evt_1257,usr_99,2025-04-06T09:55:31Z,feature_a,sess_494937
evt_1258,usr_99,2025-04-29T07:59:01Z,login,sess_523209
evt_1259,usr_99,2025-05-11T16:57:15Z,login,sess_336240
evt_1260,usr_99,2025-05-12T21:18:53Z,logout,sess_495793
evt_1261,usr_99,2025-04-15T22:23:38Z,login,sess_865149
evt_1262,usr_99,2025-04-09T03:43:33Z,feature_a,sess_152070
evt_1263,usr_99,2025-05-11T23:50:29Z,login,sess_476502
evt_1264,usr_100,2025-05-11T08:51:04Z,feature_b,sess_629921
evt_1265,usr_100,2025-05-05T06:58:26Z,login,sess_509321
evt_1266,usr_100,2025-05-16T17:18:03Z,login,sess_596214
evt_1267,usr_100,2025-05-25T10:16:55Z,login,sess_573054
evt_1268,usr_100,2025-04-27T01:21:50Z,feature_b,sess_455608
evt_1269,usr_100,2025-04-15T15:08:49Z,login,sess_928108
evt_1270,usr_100,2025-05-02T07:16:48Z,feature_a,sess_126464
evt_1271,usr_100,2025-05-02T03:15:42Z,feature_a,sess_833215
evt_1272,usr_100,2025-05-03T13:49:16Z,feature_a,sess_526974
evt_1273,usr_100,2025-05-19T02:02:14Z,logout,sess_464716
evt_1274,usr_100,2025-04-23T10:26:06Z,logout,sess_390129
evt_1275,usr_100,2025-05-13T23:57:37Z,feature_a,sess_533077
